latitude,longitude,name,slug,location_type,language,link
39.892239,32.783748,Academic Writing Center,academic-writing-center,Academic Buildings,en,https://files.catbox.moe/htgfgw.jpg
39.8846642269715,32.7782063483755,Department of Aerospace Engineering,aerospace-engineering,Academic Buildings,en,http://ae.metu.edu.tr/tanitim/tanitim/pics/aee_Giris01b.jpg
39.8841291038757,32.7779474258205,Department of Aerospace Engineering Hangar Building,aerospace-engineering-hangar-building,Academic Buildings,en,http://ae.metu.edu.tr/tanitim/tanitim/pics/aee_Hangar01.jpeg
39.8944274319533,32.7826988697052,Department of Archaeometry,archaeometry,Academic Buildings,en,https://files.catbox.moe/o2m8jv.jpg
39.8969544431093,32.7813577651978,Department of Architecture,architecture,Academic Buildings,en,https://arch.metu.edu.tr/system/files/About/untitled-2.jpg
39.900497863703,32.7802319526563,Department of Basic English Classes,basic-english-classes,Academic Buildings,en,https://files.catbox.moe/6tdwt1.jpg
39.9001398260412,32.7789144515555,Department of Basic English Classes 1-2-3-4,basic-english-classes-1-2-3-4,Academic Buildings,en,https://files.catbox.moe/iy1koi.jpg
39.9000492874855,32.7800710201154,Department of Basic English Undergradute Laboratory,basic-english-undergradute-laboratory,Academic Buildings,en,https://ydyom.metu.edu.tr/sites/ydyom.metu.edu.tr/files/slider/image/1280x512x2_0.jpg
39.8957773778439,32.7800273895264,Department of Biological Sciences,biological-sciences,Academic Buildings,en,https://bio.metu.edu.tr/en/system/files/bolum-large.jpg
39.898655,32.778783,Department of Business Administration,business-administration,Academic Buildings,en,https://feas.metu.edu.tr/sites/feas.metu.edu.tr/files/slider/image/7-7.jpg
39.8879901291766,32.7821102142116,Department of Chemical Engineering A Block,chemical-engineering-a-block,Academic Buildings,en,https://files.catbox.moe/mmg2fp.jpg
39.8878172520968,32.7825708389173,Department of Chemical Engineering B Block,chemical-engineering-b-block,Academic Buildings,en,https://files.catbox.moe/za139j.jpg
39.8880477547729,32.7828290462276,Department of Chemical Engineering C Block,chemical-engineering-c-block,Academic Buildings,en,https://files.catbox.moe/v1xc8w.jpg
39.8884264360583,32.7824857234737,Department of Chemical Engineering D Block,chemical-engineering-d-block,Academic Buildings,en,https://files.catbox.moe/lq918x.jpg
39.8875990970644,32.7830804586301,Department of Chemical Engineering E Block,chemical-engineering-e-block,Academic Buildings,en,https://files.catbox.moe/za139j.jpg
39.8931597756297,32.7828919887543,Department of Chemistry,chemistry,Academic Buildings,en,https://fef.metu.edu.tr/system/files/images/kimya.jpg
39.8975544431093,32.7815577651978,Department of City and Regional Planning,city-and-regional-planning,Academic Buildings,en,https://arch.metu.edu.tr/system/files/About/untitled-2.jpg
39.8895048430407,32.7839984893581,Department of Civil Engineering,civil-engineering,Academic Buildings,en,https://files.catbox.moe/2pig8a.jpg
39.8905009138078,32.7836766242763,Department of Civil Engineering K1 Building,civil-engineering-k1-building,Academic Buildings,en,https://ce.metu.edu.tr/tr/system/files/20200918_140755.jpg
39.9015884266627,32.773614406542,Department of Computer Education and Instructional Technology,computer-education-and-instructional-technology,Academic Buildings,en,https://ceit.metu.edu.tr/sites/ceit.metu.edu.tr/files/styles/featured_slider/public/slider-images/2_1.jpg.webp?itok=glISyjc9
39.8919414864205,32.7831387519836,Department of Computer Engineering,computer-engineering,Academic Buildings,en,https://tanitim.ceng.metu.edu.tr/images/slider/BMB-18.jpg
39.89834,32.782605,Department of Economics,economics,Academic Buildings,en,https://feas.metu.edu.tr/sites/feas.metu.edu.tr/files/slider/image/4-4.jpg
39.9007,32.776333,Department of Educational Sciences,educational-sciences,Academic Buildings,en,https://fim.metu.edu.tr/sites/fim.metu.edu.tr/files/gallery/1_0.jpg
39.8914640428517,32.7821838855743,Department of Electrical and Electronics Engineering,electrical-and-electronics-engineering,Academic Buildings,en,https://files.catbox.moe/7wq7rs.jpg
39.8905955809374,32.7825815677534,Department of Electrical and Electronics Engineering,electrical-and-electronics-engineering-2,Academic Buildings,en,https://files.catbox.moe/g5sl7r.jpg
39.900727,32.776368,Department of Elementary and Early Childhood Education,elementary-and-early-childhood-education,Academic Buildings,en,https://fim.metu.edu.tr/sites/fim.metu.edu.tr/files/gallery/1_0.jpg
39.892304,32.783567,Department of Engineering Sciences,engineering-sciences,Academic Buildings,en,https://files.catbox.moe/htgfgw.jpg
39.8869199307265,32.7831416129629,Department of Environmental Engineering,environmental-engineering,Academic Buildings,en,https://enve.metu.edu.tr/sites/enve.metu.edu.tr/files/slider/standard_image/slider4_rev.jpg
39.8876443745811,32.7790861129324,Department of Food Engineering,food-engineering,Academic Buildings,en,https://fde.metu.edu.tr/sites/fde.metu.edu.tr/files/slider/image/bina_3_kisa.jpg
39.9021522203302,32.7731609344482,Department of Foreign Language Education,foreign-language-education,Academic Buildings,en,https://fle.metu.edu.tr/sites/fle.metu.edu.tr/files/styles/featured_slider/public/slider-images/slider_4_fle_genel.jpg.webp?itok=ISvxi6PS
39.886113154697,32.7814893722098,Department of Geological Engineering,geological-engineering,Academic Buildings,en,https://cumhuriyetim.metu.edu.tr/tr/system/files/jeoloji0.jpeg
39.896498560128,32.7817083088531,Department of History,history,Academic Buildings,en,https://files.catbox.moe/a3u97v.jpg
39.896993,32.781426,Department of Industrial Design,industrial-design,Academic Buildings,en,https://arch.metu.edu.tr/system/files/About/untitled-2.jpg
39.8924189266637,32.7819600105067,Department of Industrial Engineering,industrial-engineering,Academic Buildings,en,https://files.catbox.moe/c7d7i0.jpg
39.89828,32.77887,Department of International Relations,international-relations,Academic Buildings,en,https://feas.metu.edu.tr/sites/feas.metu.edu.tr/files/slider/image/7-7.jpg
39.8956868335247,32.7823984622955,Department of Mathematics,mathematics,Academic Buildings,en,https://fef.metu.edu.tr/system/files/images/matematik.jpg
39.90074,32.776438,Department of Mathematics and Science Education,mathematics-and-science-education,Academic Buildings,en,https://fim.metu.edu.tr/sites/fim.metu.edu.tr/files/gallery/1_0.jpg
39.889521307138,32.7825822829982,Department of Mechanical Engineering A Block,mechanical-engineering-a-block,Academic Buildings,en,https://files.catbox.moe/81m4pc.jpg
39.8890109182842,32.7823247909328,Department of Mechanical Engineering B Block,mechanical-engineering-b-block,Academic Buildings,en,https://files.catbox.moe/us90wj.jpg
39.8894472186692,32.7820672988673,Department of Mechanical Engineering C Block,mechanical-engineering-c-block,Academic Buildings,en,https://files.catbox.moe/81m4pc.jpg
39.8901140120058,32.780200481393,Department of Mechanical Engineering D Block,mechanical-engineering-d-block,Academic Buildings,en,https://files.catbox.moe/81m4pc.jpg
39.8898505882528,32.7802863120814,Department of Mechanical Engineering E Block,mechanical-engineering-e-block,Academic Buildings,en,https://files.catbox.moe/8ofutb.jpg
39.8894883789395,32.7802233695547,Department of Mechanical Engineering F Block,mechanical-engineering-f-block,Academic Buildings,en,https://files.catbox.moe/81m4pc.jpg
39.8889285971455,32.7803721427699,Department of Mechanical Engineering G Block,mechanical-engineering-g-block,Academic Buildings,en,https://files.catbox.moe/hhpt82.jpg
39.886014365143,32.7826695441763,Department of Metallurgical and Materials Engineering,metallurgical-and-materials-engineering,Academic Buildings,en,https://files.catbox.moe/p0v7ao.jpg
39.8858167856079,32.7805237769644,Department of Mining Engineering,mining-engineering,Academic Buildings,en,https://mine.metu.edu.tr/sites/mine.metu.edu.tr/files/slider/image/4a.jpg
39.8944315476824,32.7826076745987,Department of Modern Languages,modern-languages,Academic Buildings,en,https://mld.metu.edu.tr/sites/mld.metu.edu.tr/files/slider/image/img_4728_2.jpg
39.8956580239434,32.7833433151136,Department of Music and Fine Arts,music-and-fine-arts,Academic Buildings,en,https://files.catbox.moe/yp5c34.jpg
39.8866564946996,32.7793436049978,Department of Petroleum and Natural Gas Engineering,petroleum-and-natural-gas-engineering,Academic Buildings,en,https://files.catbox.moe/cs1tv1.jpg
39.8964,32.7817,Department of Philosophy,philosophy,Academic Buildings,en,https://files.catbox.moe/a3u97v.jpg
39.900692,32.776389,Department of Physical Education and Sports,physical-education-and-sports,Academic Buildings,en,https://fim.metu.edu.tr/sites/fim.metu.edu.tr/files/gallery/1_0.jpg
39.8942874970168,32.7818191051483,Department of Physics,physics,Academic Buildings,en,https://phys.metu.edu.tr/sites/phys.metu.edu.tr/files/slider/image/department2.jpg
39.8948472350484,32.781820535638,Department of Physics P Building,physics-p-building,Academic Buildings,en,https://phys.metu.edu.tr/sites/phys.metu.edu.tr/files/slider/image/department2.jpg
39.8949542432693,32.7824964523097,Department of Physics U-Auditorium,physics-u-auditorium,Academic Buildings,en,https://ihm.metu.edu.tr/sites/ihm.metu.edu.tr/files/gallery/u3-11.jpg
39.898342,32.782605,Department of Political Science and Public Administration,economics,Academic Buildings,en,https://upload.wikimedia.org/wikipedia/commons/3/3e/METU_PADM_Building.jpg
39.89642,32.7818,Department of Psychology,psychology,Academic Buildings,en,https://files.catbox.moe/a3u97v.jpg
39.896445,32.78155,Department of Sociology,sociology,Academic Buildings,en,https://files.catbox.moe/a3u97v.jpg
39.8934519971862,32.7818030118942,Department of Statistics,statistics,Academic Buildings,en,https://stat.metu.edu.tr/en/system/files/stat.png
39.8900563881463,32.7818888425827,Department of Turkish Language,turkish-language,Academic Buildings,en,https://merlab.metu.edu.tr/tr/system/files/Belgeler/Resimler/merlab-onden-gorunus.jpg
39.8923530730348,32.7834284305573,Engineering Building,engineering-building,Academic Buildings,en,https://muhfd.metu.edu.tr/sites/muhfd.metu.edu.tr/files/es-eng.jpg
39.8968544431093,32.7818577651978,Faculty of Architecture,architecture-2,Academic Buildings,en,https://arch.metu.edu.tr/system/files/About/untitled-2.jpg
39.8967445483367,32.7823562621961,Faculty of Architecture Auditorium,architecture-auditorium,Academic Buildings,en,https://files.catbox.moe/8za693.jpg
39.894553,32.78253,Faculty of Arts and Sciences,arts-and-sciences,Academic Buildings,en,https://files.catbox.moe/o2m8jv.jpg
39.8983125702178,32.7827417850494,Faculty of Economic and Administrative Sciences-1,economic-and-administrative-sciences-1,Academic Buildings,en,https://upload.wikimedia.org/wikipedia/commons/3/3e/METU_PADM_Building.jpg
39.8989051990667,32.7784931659698,Faculty of Economic and Administrative Sciences-2,economic-and-administrative-sciences-2,Academic Buildings,en,https://feas.metu.edu.tr/sites/feas.metu.edu.tr/files/slider/image/7-7.jpg
39.9006665934468,32.7764253615896,Faculty of Education,education,Academic Buildings,en,https://fim.metu.edu.tr/sites/fim.metu.edu.tr/files/gallery/1_0.jpg
39.892385,32.783609,Faculty of Engineering,engineering,Academic Buildings,en,https://files.catbox.moe/htgfgw.jpg
36.566979,34.254975,Graduate School of Marine Sciences,graduate-school-of-marine-sciences,Academic Buildings,en,
39.892625,32.783503,Graduate School of Natural and Applied Sciences,graduate-school-of-natural-and-applied-sciences,Academic Buildings,en,https://files.catbox.moe/htgfgw.jpg
39.892273,32.783693,Graduate School of Social Sciences,graduate-school-of-social-sciences,Academic Buildings,en,https://files.catbox.moe/htgfgw.jpg
39.896246560128,32.7819693088531,Human Sciences Building,human-sciences-building,Academic Buildings,en,https://files.catbox.moe/a3u97v.jpg
39.8922542924728,32.7780561446707,Informatics Institute,informatics-institute,Academic Buildings,en,https://ii.metu.edu.tr/sites/ii.metu.edu.tr/files/styles/slider_image/public/slider/standard_image/img_5768_0.png?itok=uIwIqtUP
39.8943945061116,32.7826344966888,Institute of Applied Mathemathics,institute-of-applied-mathemathics,Academic Buildings,en,https://files.catbox.moe/a3u97v.jpg
39.9004855176079,32.7812962531607,School of Foreign Languages,school-of-foreign-languages,Academic Buildings,en,https://dbe.metu.edu.tr/sites/dbe.metu.edu.tr/files/images/slayt/1.jpg
39.90195,32.773171,Technical Vocational School of Higher Education,technical-vocational-school-of-higher-education,Academic Buildings,en,https://fle.metu.edu.tr/sites/fle.metu.edu.tr/files/styles/featured_slider/public/slider-images/slider_4_fle_genel.jpg.webp?itok=ISvxi6PS
39.90578,32.767518,Archive Buildings,archive-buildings,Administrative Buildings,en,https://bilimgenc.tubitak.gov.tr/sites/default/files/styles/bp-770px-custom_user_desktop_1x/public/tasarim_fabrikasi.png?itok=uWTCNjwe
39.90415,32.771445,Atelier,atelier,Administrative Buildings,en,https://gam.metu.edu.tr/sites/gam.metu.edu.tr/files/slider/image/whatsapp_gorsel_2025-07-23_saat_15.00.57_7dbe9ec6.jpg
39.8913981883053,32.7833962440491,Computer Center,computer-center,Administrative Buildings,en,https://coordinators.metu.edu.tr/sites/coordinators.metu.edu.tr/files/slider/image/picture1.jpg
39.9030287662352,32.7711882591029,Directorate of Construction and Technical Works,directorate-of-construction-and-technical-works,Administrative Buildings,en,https://files.catbox.moe/2g5chw.jpg
39.904759,32.766992,Directorate of Construction and Technical Works Office of Study and Projects,directorate-of-construction-and-technical-works-office-of-study-and-projects,Administrative Buildings,en,
39.902963,32.771424,Directorate of Science Affairs,directorate-of-science-affairs,Administrative Buildings,en,https://files.catbox.moe/w6m7c4.jpg
39.906568,32.768292,Junkyard,junkyard,Administrative Buildings,en,
39.9042715491899,32.7706028222929,Office of Building Maintenance,office-of-building-maintenance,Administrative Buildings,en,https://ybm.metu.edu.tr/sites/ybm.metu.edu.tr/files/slider/image/ybm_webslider_2_0.png
39.9039587979862,32.7706840038081,Office of Central Heating & Water Support,office-of-central-heating-water-support,Administrative Buildings,en,https://isim.metu.edu.tr/sites/isim.metu.edu.tr/files/slider/image/dscn4083.jpg
39.9062673620623,32.7687145471464,Office of Electrical Works,office-of-electrical-works,Administrative Buildings,en,
39.9057365226645,32.7657809257289,Office of Forestation & Landscape Planning,office-of-forestation-landscape-planning,Administrative Buildings,en,
39.9052920958193,32.7698364257594,Office of General Atelier,office-of-general-atelier,Administrative Buildings,en,https://gam.metu.edu.tr/sites/gam.metu.edu.tr/files/slider/image/whatsapp_gorsel_2025-07-23_saat_15.00.57_7dbe9ec6.jpg
39.8944891678639,32.7825379371643,Office of Scholarship and Financial Aid,office-of-scholarship-and-financial-aid,Administrative Buildings,en,https://files.catbox.moe/o2m8jv.jpg
39.890905,32.774092,Office of Social Facilities,office-of-social-facilities,Administrative Buildings,en,https://files.catbox.moe/8eywrs.jpg
39.904693,32.766788,Office of Telephony,office-of-telephony,Administrative Buildings,en,
39.9062179818268,32.7700395583997,Office of Traffic,office-of-traffic,Administrative Buildings,en,
39.904584298966,32.7701382636587,Office of Transportation,office-of-transportation,Administrative Buildings,en,https://tim.metu.edu.tr/sites/tim.metu.edu.tr/files/slider/image/tim_webslider_1.jpg
39.894962474664,32.7842223644257,Presidency,presidency,Administrative Buildings,en,https://ihm.metu.edu.tr/tr/system/files/IHM/NOBETCIAMIRLIGI/rektc3b6rlc3bck.jpg
39.906272,32.770052,Printing House,printing-house,Administrative Buildings,en,
39.8947237638168,32.7840936183929,Registrars' Office,registrars-office,Administrative Buildings,en,https://ihm.metu.edu.tr/tr/system/files/IHM/NOBETCIAMIRLIGI/rektc3b6rlc3bck.jpg
39.90579,32.767517,Welding Technology Centre,welding-technology-centre,Administrative Buildings,en,https://bilimgenc.tubitak.gov.tr/sites/default/files/styles/bp-770px-custom_user_desktop_1x/public/tasarim_fabrikasi.png?itok=uWTCNjwe
39.8940652468247,32.7859497070312,Cultural and Convention Center,cultural-and-convention-center,Conference Halls,en,
39.89842780400649,32.78270843624796,Çobanoğlu Hall,cobanoglu-hall,Conference Halls,en,
39.896781588637424,32.78232103585651,Faculty of Architecture Auditorium,architecture-auditorium-2,Conference Halls,en,
39.892412752888724,32.78310808539118,MM-25 Auditorium,mm-25-auditorium,Conference Halls,en,
39.8944274319533,32.7820309996605,Smart Class,smart-class,Conference Halls,en,
39.89629594755003,32.78312337397438,Solmaz İzdemir Coference Hall,solmaz-izdemir-coference-hall,Conference Halls,en,
39.8960407788199,32.7832245826721,Central Library,central-library,Libraries,en,https://upload.wikimedia.org/wikipedia/commons/8/8e/METU_Library_-_14847345684.jpg
39.89865827100249,32.77899742126465,European Documentation Center,european-documentation-center,Libraries,en,
39.898445,32.777089,Library Saloon,library-saloon,Libraries,en,
39.8990204318588,32.7791905403137,Muhan Soysal Library,muhan-soysal-library,Libraries,en,
39.8915216655278,32.7833440303584,Computer Center Building Classrooms - BMB G102,computer-center-building-classrooms-bmb-g102,Classrooms,en,
39.884664227,32.7782063483755,Department of Aerospace Engineering Building Classrooms - AE024,aerospace-engineering,Classrooms,en,
39.884664227,32.7782063483755,Department of Aerospace Engineering Building Classrooms - AE025,aerospace-engineering,Classrooms,en,
39.884664227,32.7782063483755,Department of Aerospace Engineering Building Classrooms - AE026,aerospace-engineering,Classrooms,en,
39.884664227,32.7782063483755,Department of Aerospace Engineering Building Classrooms - AE122,aerospace-engineering,Classrooms,en,
39.884664227,32.7782063483755,Department of Aerospace Engineering Building Classrooms - AE124,aerospace-engineering,Classrooms,en,
39.884664227,32.7782063483755,Department of Aerospace Engineering Building Classrooms - AE125,aerospace-engineering,Classrooms,en,
39.884664227,32.7782063483755,Department of Aerospace Engineering Building Classrooms - AE126,aerospace-engineering,Classrooms,en,
39.884664227,32.7782063483755,Department of Aerospace Engineering Building Classrooms - AE128,aerospace-engineering,Classrooms,en,
39.900262,32.780965,Department of Basic English A Block Building Classrooms - HZA001,basic-english-a-block-building-classrooms-hza001,Classrooms,en,
39.900262,32.780965,Department of Basic English A Block Building Classrooms - HZA002,basic-english-a-block-building-classrooms-hza001,Classrooms,en,
39.900262,32.780965,Department of Basic English A Block Building Classrooms - HZA003,basic-english-a-block-building-classrooms-hza001,Classrooms,en,
39.900262,32.780965,Department of Basic English A Block Building Classrooms - HZA004,basic-english-a-block-building-classrooms-hza001,Classrooms,en,
39.900262,32.780965,Department of Basic English A Block Building Classrooms - HZA005,basic-english-a-block-building-classrooms-hza001,Classrooms,en,
39.900262,32.780965,Department of Basic English A Block Building Classrooms - HZA006,basic-english-a-block-building-classrooms-hza001,Classrooms,en,
39.900262,32.780965,Department of Basic English A Block Building Classrooms - HZA101,basic-english-a-block-building-classrooms-hza001,Classrooms,en,
39.900262,32.780965,Department of Basic English A Block Building Classrooms - HZA102,basic-english-a-block-building-classrooms-hza001,Classrooms,en,
39.900262,32.780965,Department of Basic English A Block Building Classrooms - HZA103,basic-english-a-block-building-classrooms-hza001,Classrooms,en,
39.900262,32.780965,Department of Basic English A Block Building Classrooms - HZA104,basic-english-a-block-building-classrooms-hza001,Classrooms,en,
39.900262,32.780965,Department of Basic English A Block Building Classrooms - HZA105,basic-english-a-block-building-classrooms-hza001,Classrooms,en,
39.900262,32.780965,Department of Basic English A Block Building Classrooms - HZA106,basic-english-a-block-building-classrooms-hza001,Classrooms,en,
39.900262,32.780965,Department of Basic English A Block Building Classrooms - HZA201,basic-english-a-block-building-classrooms-hza001,Classrooms,en,
39.900262,32.780965,Department of Basic English A Block Building Classrooms - HZA202,basic-english-a-block-building-classrooms-hza001,Classrooms,en,
39.900262,32.780965,Department of Basic English A Block Building Classrooms - HZA203,basic-english-a-block-building-classrooms-hza001,Classrooms,en,
39.900262,32.780965,Department of Basic English A Block Building Classrooms - HZA204,basic-english-a-block-building-classrooms-hza001,Classrooms,en,
39.900262,32.780965,Department of Basic English A Block Building Classrooms - HZA205,basic-english-a-block-building-classrooms-hza001,Classrooms,en,
39.900262,32.780965,Department of Basic English A Block Building Classrooms - HZA206,basic-english-a-block-building-classrooms-hza001,Classrooms,en,
39.900262,32.780965,Department of Basic English A Block Building Classrooms - HZA301,basic-english-a-block-building-classrooms-hza001,Classrooms,en,
39.900262,32.780965,Department of Basic English A Block Building Classrooms - HZA302,basic-english-a-block-building-classrooms-hza001,Classrooms,en,
39.900262,32.780965,Department of Basic English A Block Building Classrooms - HZA303,basic-english-a-block-building-classrooms-hza001,Classrooms,en,
39.900262,32.780965,Department of Basic English A Block Building Classrooms - HZA304,basic-english-a-block-building-classrooms-hza001,Classrooms,en,
39.900262,32.780965,Department of Basic English A Block Building Classrooms - HZA305,basic-english-a-block-building-classrooms-hza001,Classrooms,en,
39.900262,32.780965,Department of Basic English A Block Building Classrooms - HZA306,basic-english-a-block-building-classrooms-hza001,Classrooms,en,
39.900498,32.781212,Department of Basic English B Block Building Classrooms - HZB001,basic-english-b-block-building-classrooms-hzb001,Classrooms,en,
39.900498,32.781212,Department of Basic English B Block Building Classrooms - HZB002,basic-english-b-block-building-classrooms-hzb001,Classrooms,en,
39.900498,32.781212,Department of Basic English B Block Building Classrooms - HZB003,basic-english-b-block-building-classrooms-hzb001,Classrooms,en,
39.900498,32.781212,Department of Basic English B Block Building Classrooms - HZB004,basic-english-b-block-building-classrooms-hzb001,Classrooms,en,
39.900498,32.781212,Department of Basic English B Block Building Classrooms - HZB005,basic-english-b-block-building-classrooms-hzb001,Classrooms,en,
39.900498,32.781212,Department of Basic English B Block Building Classrooms - HZB006,basic-english-b-block-building-classrooms-hzb001,Classrooms,en,
39.900498,32.781212,Department of Basic English B Block Building Classrooms - HZB101,basic-english-b-block-building-classrooms-hzb001,Classrooms,en,
39.900498,32.781212,Department of Basic English B Block Building Classrooms - HZB102,basic-english-b-block-building-classrooms-hzb001,Classrooms,en,
39.900498,32.781212,Department of Basic English B Block Building Classrooms - HZB103,basic-english-b-block-building-classrooms-hzb001,Classrooms,en,
39.900498,32.781212,Department of Basic English B Block Building Classrooms - HZB104,basic-english-b-block-building-classrooms-hzb001,Classrooms,en,
39.900498,32.781212,Department of Basic English B Block Building Classrooms - HZB105,basic-english-b-block-building-classrooms-hzb001,Classrooms,en,
39.900498,32.781212,Department of Basic English B Block Building Classrooms - HZB106,basic-english-b-block-building-classrooms-hzb001,Classrooms,en,
39.900498,32.781212,Department of Basic English B Block Building Classrooms - HZB201,basic-english-b-block-building-classrooms-hzb001,Classrooms,en,
39.900498,32.781212,Department of Basic English B Block Building Classrooms - HZB202,basic-english-b-block-building-classrooms-hzb001,Classrooms,en,
39.900498,32.781212,Department of Basic English B Block Building Classrooms - HZB203,basic-english-b-block-building-classrooms-hzb001,Classrooms,en,
39.900498,32.781212,Department of Basic English B Block Building Classrooms - HZB204,basic-english-b-block-building-classrooms-hzb001,Classrooms,en,
39.900498,32.781212,Department of Basic English B Block Building Classrooms - HZB205,basic-english-b-block-building-classrooms-hzb001,Classrooms,en,
39.900498,32.781212,Department of Basic English B Block Building Classrooms - HZB206,basic-english-b-block-building-classrooms-hzb001,Classrooms,en,
39.900177,32.779982,Department of Basic English D Block Building Classrooms - HZLAB01,basic-english-d-block-building-classrooms-hzlab01,Classrooms,en,
39.900177,32.779982,Department of Basic English D Block Building Classrooms - HZLAB02,basic-english-d-block-building-classrooms-hzlab01,Classrooms,en,
39.900177,32.779982,Department of Basic English D Block Building Classrooms - HZDVR1,basic-english-d-block-building-classrooms-hzlab01,Classrooms,en,
39.900177,32.779982,Department of Basic English D Block Building Classrooms - HZDVR2,basic-english-d-block-building-classrooms-hzlab01,Classrooms,en,
39.900177,32.779982,Department of Basic English D Block Building Classrooms - HZDVR3,basic-english-d-block-building-classrooms-hzlab01,Classrooms,en,
39.900177,32.779982,Department of Basic English D Block Building Classrooms - HZDVR4,basic-english-d-block-building-classrooms-hzlab01,Classrooms,en,
39.900177,32.779982,Department of Basic English D Block Building Classrooms - HZDVR5,basic-english-d-block-building-classrooms-hzlab01,Classrooms,en,
39.900177,32.779982,Department of Basic English D Block Building Classrooms - HZDVR6,basic-english-d-block-building-classrooms-hzlab01,Classrooms,en,
39.900177,32.779982,Department of Basic English D Block Building Classrooms - HZDVR7,basic-english-d-block-building-classrooms-hzlab01,Classrooms,en,
39.900177,32.779982,Department of Basic English D Block Building Classrooms - HZDVR8,basic-english-d-block-building-classrooms-hzlab01,Classrooms,en,
39.900177,32.779982,Department of Basic English D Block Building Classrooms - HZDCVR,basic-english-d-block-building-classrooms-hzlab01,Classrooms,en,
39.900532,32.780245,Department of Basic English E Block Building Classrooms - HZ1,basic-english-e-block-building-classrooms-hz1,Classrooms,en,
39.900532,32.780245,Department of Basic English E Block Building Classrooms - HZ2,basic-english-e-block-building-classrooms-hz1,Classrooms,en,
39.900532,32.780245,Department of Basic English E Block Building Classrooms - HZE001,basic-english-e-block-building-classrooms-hz1,Classrooms,en,
39.900532,32.780245,Department of Basic English E Block Building Classrooms - HZE002,basic-english-e-block-building-classrooms-hz1,Classrooms,en,
39.900532,32.780245,Department of Basic English E Block Building Classrooms - HZE003,basic-english-e-block-building-classrooms-hz1,Classrooms,en,
39.900532,32.780245,Department of Basic English E Block Building Classrooms - HZE004,basic-english-e-block-building-classrooms-hz1,Classrooms,en,
39.900532,32.780245,Department of Basic English E Block Building Classrooms - HZE005,basic-english-e-block-building-classrooms-hz1,Classrooms,en,
39.900532,32.780245,Department of Basic English E Block Building Classrooms - HZE006,basic-english-e-block-building-classrooms-hz1,Classrooms,en,
39.900532,32.780245,Department of Basic English E Block Building Classrooms - HZE007,basic-english-e-block-building-classrooms-hz1,Classrooms,en,
39.900532,32.780245,Department of Basic English E Block Building Classrooms - HZE008,basic-english-e-block-building-classrooms-hz1,Classrooms,en,
39.900532,32.780245,Department of Basic English E Block Building Classrooms - HZE101,basic-english-e-block-building-classrooms-hz1,Classrooms,en,
39.900532,32.780245,Department of Basic English E Block Building Classrooms - HZE102,basic-english-e-block-building-classrooms-hz1,Classrooms,en,
39.900532,32.780245,Department of Basic English E Block Building Classrooms - HZE103,basic-english-e-block-building-classrooms-hz1,Classrooms,en,
39.900532,32.780245,Department of Basic English E Block Building Classrooms - HZE104,basic-english-e-block-building-classrooms-hz1,Classrooms,en,
39.900532,32.780245,Department of Basic English E Block Building Classrooms - HZE105,basic-english-e-block-building-classrooms-hz1,Classrooms,en,
39.900532,32.780245,Department of Basic English E Block Building Classrooms - HZE106,basic-english-e-block-building-classrooms-hz1,Classrooms,en,
39.900532,32.780245,Department of Basic English E Block Building Classrooms - HZE107,basic-english-e-block-building-classrooms-hz1,Classrooms,en,
39.900532,32.780245,Department of Basic English E Block Building Classrooms - HZE108,basic-english-e-block-building-classrooms-hz1,Classrooms,en,
39.900532,32.780245,Department of Basic English E Block Building Classrooms - HZE201,basic-english-e-block-building-classrooms-hz1,Classrooms,en,
39.900532,32.780245,Department of Basic English E Block Building Classrooms - HZE202,basic-english-e-block-building-classrooms-hz1,Classrooms,en,
39.900532,32.780245,Department of Basic English E Block Building Classrooms - HZE203,basic-english-e-block-building-classrooms-hz1,Classrooms,en,
39.900532,32.780245,Department of Basic English E Block Building Classrooms - HZE204,basic-english-e-block-building-classrooms-hz1,Classrooms,en,
39.900532,32.780245,Department of Basic English E Block Building Classrooms - HZE205,basic-english-e-block-building-classrooms-hz1,Classrooms,en,
39.900532,32.780245,Department of Basic English E Block Building Classrooms - HZE206,basic-english-e-block-building-classrooms-hz1,Classrooms,en,
39.900532,32.780245,Department of Basic English E Block Building Classrooms - HZE207,basic-english-e-block-building-classrooms-hz1,Classrooms,en,
39.900532,32.780245,Department of Basic English E Block Building Classrooms - HZE208,basic-english-e-block-building-classrooms-hz1,Classrooms,en,
39.900532,32.780245,Department of Basic English E Block Building Classrooms - HZE301,basic-english-e-block-building-classrooms-hz1,Classrooms,en,
39.900532,32.780245,Department of Basic English E Block Building Classrooms - HZE302,basic-english-e-block-building-classrooms-hz1,Classrooms,en,
39.900532,32.780245,Department of Basic English E Block Building Classrooms - HZE303,basic-english-e-block-building-classrooms-hz1,Classrooms,en,
39.900532,32.780245,Department of Basic English E Block Building Classrooms - HZE304,basic-english-e-block-building-classrooms-hz1,Classrooms,en,
39.900532,32.780245,Department of Basic English E Block Building Classrooms - HZE305,basic-english-e-block-building-classrooms-hz1,Classrooms,en,
39.900532,32.780245,Department of Basic English E Block Building Classrooms - HZE306,basic-english-e-block-building-classrooms-hz1,Classrooms,en,
39.900532,32.780245,Department of Basic English E Block Building Classrooms - HZE307,basic-english-e-block-building-classrooms-hz1,Classrooms,en,
39.900532,32.780245,Department of Basic English E Block Building Classrooms - HZE308,basic-english-e-block-building-classrooms-hz1,Classrooms,en,
39.900532,32.780245,Department of Basic English E Block Building Classrooms - HZEAU1,basic-english-e-block-building-classrooms-hz1,Classrooms,en,
39.900532,32.780245,Department of Basic English E Block Building Classrooms - HZEAU2,basic-english-e-block-building-classrooms-hz1,Classrooms,en,
39.900145,32.778899,Department of Basic English F Block Building Classrooms - HZF001,basic-english-f-block-building-classrooms-hzf001,Classrooms,en,
39.900145,32.778899,Department of Basic English F Block Building Classrooms - HZF002,basic-english-f-block-building-classrooms-hzf001,Classrooms,en,
39.900145,32.778899,Department of Basic English F Block Building Classrooms - HZF003,basic-english-f-block-building-classrooms-hzf001,Classrooms,en,
39.900145,32.778899,Department of Basic English F Block Building Classrooms - HZF004,basic-english-f-block-building-classrooms-hzf001,Classrooms,en,
39.900145,32.778899,Department of Basic English F Block Building Classrooms - HZF005,basic-english-f-block-building-classrooms-hzf001,Classrooms,en,
39.900145,32.778899,Department of Basic English F Block Building Classrooms - HZF006,basic-english-f-block-building-classrooms-hzf001,Classrooms,en,
39.900145,32.778899,Department of Basic English F Block Building Classrooms - HZF007,basic-english-f-block-building-classrooms-hzf001,Classrooms,en,
39.900145,32.778899,Department of Basic English F Block Building Classrooms - HZF008,basic-english-f-block-building-classrooms-hzf001,Classrooms,en,
39.900145,32.778899,Department of Basic English F Block Building Classrooms - HZF009,basic-english-f-block-building-classrooms-hzf001,Classrooms,en,
39.900145,32.778899,Department of Basic English F Block Building Classrooms - HZF010,basic-english-f-block-building-classrooms-hzf001,Classrooms,en,
39.900145,32.778899,Department of Basic English F Block Building Classrooms - HZF011,basic-english-f-block-building-classrooms-hzf001,Classrooms,en,
39.900145,32.778899,Department of Basic English F Block Building Classrooms - HZF012,basic-english-f-block-building-classrooms-hzf001,Classrooms,en,
39.900145,32.778899,Department of Basic English F Block Building Classrooms - HZF101,basic-english-f-block-building-classrooms-hzf001,Classrooms,en,
39.900145,32.778899,Department of Basic English F Block Building Classrooms - HZF102,basic-english-f-block-building-classrooms-hzf001,Classrooms,en,
39.900145,32.778899,Department of Basic English F Block Building Classrooms - HZF103,basic-english-f-block-building-classrooms-hzf001,Classrooms,en,
39.900145,32.778899,Department of Basic English F Block Building Classrooms - HZF104,basic-english-f-block-building-classrooms-hzf001,Classrooms,en,
39.900145,32.778899,Department of Basic English F Block Building Classrooms - HZF105,basic-english-f-block-building-classrooms-hzf001,Classrooms,en,
39.900145,32.778899,Department of Basic English F Block Building Classrooms - HZF106,basic-english-f-block-building-classrooms-hzf001,Classrooms,en,
39.900145,32.778899,Department of Basic English F Block Building Classrooms - HZF107,basic-english-f-block-building-classrooms-hzf001,Classrooms,en,
39.900145,32.778899,Department of Basic English F Block Building Classrooms - HZF108,basic-english-f-block-building-classrooms-hzf001,Classrooms,en,
39.900145,32.778899,Department of Basic English F Block Building Classrooms - HZF109,basic-english-f-block-building-classrooms-hzf001,Classrooms,en,
39.900145,32.778899,Department of Basic English F Block Building Classrooms - HZF110,basic-english-f-block-building-classrooms-hzf001,Classrooms,en,
39.900145,32.778899,Department of Basic English F Block Building Classrooms - HZF111,basic-english-f-block-building-classrooms-hzf001,Classrooms,en,
39.900145,32.778899,Department of Basic English F Block Building Classrooms - HZF112,basic-english-f-block-building-classrooms-hzf001,Classrooms,en,
39.900484,32.778923,Department of Basic English G Block Building Classrooms - HZG001,basic-english-g-block-building-classrooms-hzg001,Classrooms,en,
39.900484,32.778923,Department of Basic English G Block Building Classrooms - HZG002,basic-english-g-block-building-classrooms-hzg001,Classrooms,en,
39.900484,32.778923,Department of Basic English G Block Building Classrooms - HZG003,basic-english-g-block-building-classrooms-hzg001,Classrooms,en,
39.900484,32.778923,Department of Basic English G Block Building Classrooms - HZG004,basic-english-g-block-building-classrooms-hzg001,Classrooms,en,
39.900484,32.778923,Department of Basic English G Block Building Classrooms - HZG005,basic-english-g-block-building-classrooms-hzg001,Classrooms,en,
39.900484,32.778923,Department of Basic English G Block Building Classrooms - HZG006,basic-english-g-block-building-classrooms-hzg001,Classrooms,en,
39.900484,32.778923,Department of Basic English G Block Building Classrooms - HZG007,basic-english-g-block-building-classrooms-hzg001,Classrooms,en,
39.900484,32.778923,Department of Basic English G Block Building Classrooms - HZG008,basic-english-g-block-building-classrooms-hzg001,Classrooms,en,
39.900484,32.778923,Department of Basic English G Block Building Classrooms - HZG009,basic-english-g-block-building-classrooms-hzg001,Classrooms,en,
39.900484,32.778923,Department of Basic English G Block Building Classrooms - HZG010,basic-english-g-block-building-classrooms-hzg001,Classrooms,en,
39.900484,32.778923,Department of Basic English G Block Building Classrooms - HZG011,basic-english-g-block-building-classrooms-hzg001,Classrooms,en,
39.900484,32.778923,Department of Basic English G Block Building Classrooms - HZG012,basic-english-g-block-building-classrooms-hzg001,Classrooms,en,
39.900484,32.778923,Department of Basic English G Block Building Classrooms - HZG101,basic-english-g-block-building-classrooms-hzg001,Classrooms,en,
39.900484,32.778923,Department of Basic English G Block Building Classrooms - HZG102,basic-english-g-block-building-classrooms-hzg001,Classrooms,en,
39.900484,32.778923,Department of Basic English G Block Building Classrooms - HZG103,basic-english-g-block-building-classrooms-hzg001,Classrooms,en,
39.900484,32.778923,Department of Basic English G Block Building Classrooms - HZG104,basic-english-g-block-building-classrooms-hzg001,Classrooms,en,
39.900484,32.778923,Department of Basic English G Block Building Classrooms - HZG105,basic-english-g-block-building-classrooms-hzg001,Classrooms,en,
39.900484,32.778923,Department of Basic English G Block Building Classrooms - HZG106,basic-english-g-block-building-classrooms-hzg001,Classrooms,en,
39.900484,32.778923,Department of Basic English G Block Building Classrooms - HZG107,basic-english-g-block-building-classrooms-hzg001,Classrooms,en,
39.900484,32.778923,Department of Basic English G Block Building Classrooms - HZG108,basic-english-g-block-building-classrooms-hzg001,Classrooms,en,
39.900484,32.778923,Department of Basic English G Block Building Classrooms - HZG109,basic-english-g-block-building-classrooms-hzg001,Classrooms,en,
39.900484,32.778923,Department of Basic English G Block Building Classrooms - HZG110,basic-english-g-block-building-classrooms-hzg001,Classrooms,en,
39.900484,32.778923,Department of Basic English G Block Building Classrooms - HZG111,basic-english-g-block-building-classrooms-hzg001,Classrooms,en,
39.900484,32.778923,Department of Basic English G Block Building Classrooms - HZG112,basic-english-g-block-building-classrooms-hzg001,Classrooms,en,
39.900484,32.778923,Department of Basic English G Block Building Classrooms - HZLAB01,basic-english-g-block-building-classrooms-hzg001,Classrooms,en,
39.900484,32.778923,Department of Basic English G Block Building Classrooms - HZNB001,basic-english-g-block-building-classrooms-hzg001,Classrooms,en,
39.900484,32.778923,Department of Basic English G Block Building Classrooms - HZNB002,basic-english-g-block-building-classrooms-hzg001,Classrooms,en,
39.8957773778439,32.7800273895264,Department of Biological Sciences Building Classrooms - BIOZ03,biological-sciences,Classrooms,en,
39.8957773778439,32.7800273895264,Department of Biological Sciences Building Classrooms - BIOZ04,biological-sciences,Classrooms,en,
39.8957773778439,32.7800273895264,Department of Biological Sciences Building Classrooms - BIOZ05,biological-sciences,Classrooms,en,
39.8957773778439,32.7800273895264,Department of Biological Sciences Building Classrooms - BIOZ06,biological-sciences,Classrooms,en,
39.8957773778439,32.7800273895264,Department of Biological Sciences Building Classrooms - BIOZ07,biological-sciences,Classrooms,en,
39.8957773778439,32.7800273895264,Department of Biological Sciences Building Classrooms - BIO104,biological-sciences,Classrooms,en,
39.8957773778439,32.7800273895264,Department of Biological Sciences Building Classrooms - BIO213,biological-sciences,Classrooms,en,
39.8957773778439,32.7800273895264,Department of Biological Sciences Building Classrooms - BIOLBZ08,biological-sciences,Classrooms,en,
39.8957773778439,32.7800273895264,Department of Biological Sciences Building Classrooms - BIOLB103,biological-sciences,Classrooms,en,
39.8957773778439,32.7800273895264,Department of Biological Sciences Building Classrooms - BIOLB107,biological-sciences,Classrooms,en,
39.8884264360583,32.7824857234737,Department of Chemical Engineering Building Classrooms - Z14,chemical-engineering-d-block,Classrooms,en,
39.8884264360583,32.7824857234737,Department of Chemical Engineering Building Classrooms - Z15A,chemical-engineering-d-block,Classrooms,en,
39.8884264360583,32.7824857234737,Department of Chemical Engineering Building Classrooms - Z15B,chemical-engineering-d-block,Classrooms,en,
39.8884264360583,32.7824857234737,Department of Chemical Engineering Building Classrooms - Z16,chemical-engineering-d-block,Classrooms,en,
39.8884264360583,32.7824857234737,Department of Chemical Engineering Building Classrooms - Z17,chemical-engineering-d-block,Classrooms,en,
39.8884264360583,32.7824857234737,Department of Chemical Engineering Building Classrooms - Z116,chemical-engineering-d-block,Classrooms,en,
39.8884264360583,32.7824857234737,Department of Chemical Engineering Building Classrooms - Z117,chemical-engineering-d-block,Classrooms,en,
39.8884264360583,32.7824857234737,Department of Chemical Engineering Building Classrooms - Z118,chemical-engineering-d-block,Classrooms,en,
39.8884264360583,32.7824857234737,"Department of Chemical Engineering Building Classrooms - Z119,Z120",chemical-engineering-d-block,Classrooms,en,
39.8884264360583,32.7824857234737,Department of Chemical Engineering Building Classrooms - Z121,chemical-engineering-d-block,Classrooms,en,
39.8931597756297,32.7828919887543,Department of Chemistry Building Classrooms - AKLB104,chemistry,Classrooms,en,
39.8931597756297,32.7828919887543,Department of Chemistry Building Classrooms - FKLB31,chemistry,Classrooms,en,
39.8931597756297,32.7828919887543,Department of Chemistry Building Classrooms - GKLB32,chemistry,Classrooms,en,
39.8931597756297,32.7828919887543,Department of Chemistry Building Classrooms - İKLB32,chemistry,Classrooms,en,
39.8931597756297,32.7828919887543,Department of Chemistry Building Classrooms - K.AUD,chemistry,Classrooms,en,
39.8931597756297,32.7828919887543,Department of Chemistry Building Classrooms - K05,chemistry,Classrooms,en,
39.8931597756297,32.7828919887543,Department of Chemistry Building Classrooms - K06,chemistry,Classrooms,en,
39.8931597756297,32.7828919887543,Department of Chemistry Building Classrooms - K07,chemistry,Classrooms,en,
39.8931597756297,32.7828919887543,Department of Chemistry Building Classrooms - K08,chemistry,Classrooms,en,
39.8931597756297,32.7828919887543,Department of Chemistry Building Classrooms - K09,chemistry,Classrooms,en,
39.8931597756297,32.7828919887543,Department of Chemistry Building Classrooms - K11,chemistry,Classrooms,en,
39.8931597756297,32.7828919887543,Department of Chemistry Building Classrooms - K15,chemistry,Classrooms,en,
39.8931597756297,32.7828919887543,Department of Chemistry Building Classrooms - OKLB37,chemistry,Classrooms,en,
39.8931597756297,32.7828919887543,Department of Chemistry Building Classrooms - PSTLAB44,chemistry,Classrooms,en,
39.8931597756297,32.7828919887543,Department of Chemistry Building Classrooms - STATLB,chemistry,Classrooms,en,
39.8905009138078,32.7836766242763,Department of Civil Engineering Building Classrooms - CELAB01,civil-engineering-k1-building,Classrooms,en,
39.8905009138078,32.7836766242763,Department of Civil Engineering Building Classrooms - CELAB02,civil-engineering-k1-building,Classrooms,en,
39.8905009138078,32.7836766242763,Department of Civil Engineering Building Classrooms - CES1,civil-engineering-k1-building,Classrooms,en,
39.8905009138078,32.7836766242763,Department of Civil Engineering Building Classrooms - CES2,civil-engineering-k1-building,Classrooms,en,
39.8905009138078,32.7836766242763,Department of Civil Engineering Building Classrooms - CES3,civil-engineering-k1-building,Classrooms,en,
39.8905009138078,32.7836766242763,Department of Civil Engineering Building Classrooms - DR1,civil-engineering-k1-building,Classrooms,en,
39.8905009138078,32.7836766242763,Department of Civil Engineering Building Classrooms - DR2,civil-engineering-k1-building,Classrooms,en,
39.8905009138078,32.7836766242763,Department of Civil Engineering Building Classrooms - K2LB106,civil-engineering-k1-building,Classrooms,en,
39.8905009138078,32.7836766242763,Department of Civil Engineering Building Classrooms - K2LB107,civil-engineering-k1-building,Classrooms,en,
39.8905009138078,32.7836766242763,Department of Civil Engineering Building Classrooms - K3LB101,civil-engineering-k1-building,Classrooms,en,
39.8905009138078,32.7836766242763,Department of Civil Engineering Building Classrooms - K3LB102,civil-engineering-k1-building,Classrooms,en,
39.8905009138078,32.7836766242763,Department of Civil Engineering Building Classrooms - K4LBWRL,civil-engineering-k1-building,Classrooms,en,
39.8905009138078,32.7836766242763,Department of Civil Engineering Building Classrooms - K5LBCHL,civil-engineering-k1-building,Classrooms,en,
39.8905009138078,32.7836766242763,Department of Civil Engineering Building Classrooms - TH1,civil-engineering-k1-building,Classrooms,en,
39.8905009138078,32.7836766242763,Department of Civil Engineering Building Classrooms - TH2,civil-engineering-k1-building,Classrooms,en,
39.8905009138078,32.7836766242763,Department of Civil Engineering Building Classrooms - TH3,civil-engineering-k1-building,Classrooms,en,
39.8905009138078,32.7836766242763,Department of Civil Engineering Building Classrooms - TH4,civil-engineering-k1-building,Classrooms,en,
39.8905009138078,32.7836766242763,Department of Civil Engineering Building Classrooms - TH5,civil-engineering-k1-building,Classrooms,en,
39.8905009138078,32.7836766242763,Department of Civil Engineering Building Classrooms - TH6,civil-engineering-k1-building,Classrooms,en,
39.8905009138078,32.7836766242763,Department of Civil Engineering Building Classrooms - TH7,civil-engineering-k1-building,Classrooms,en,
39.8905009138078,32.7836766242763,Department of Civil Engineering Building Classrooms - TH8,civil-engineering-k1-building,Classrooms,en,
39.8905009138078,32.7836766242763,Department of Civil Engineering Building Classrooms - TL,civil-engineering-k1-building,Classrooms,en,
39.9015884266627,32.773614406542,Department of Computer Education and Instructional Technology Building Classrooms - EFC104,computer-education-and-instructional-technology,Classrooms,en,
39.9015884266627,32.773614406542,Department of Computer Education and Instructional Technology Building Classrooms - EFC109,computer-education-and-instructional-technology,Classrooms,en,
39.9015884266627,32.773614406542,Department of Computer Education and Instructional Technology Building Classrooms - EFC111,computer-education-and-instructional-technology,Classrooms,en,
39.9015884266627,32.773614406542,Department of Computer Education and Instructional Technology Building Classrooms - EFCLB1,computer-education-and-instructional-technology,Classrooms,en,
39.9015884266627,32.773614406542,Department of Computer Education and Instructional Technology Building Classrooms - EFCLB2,computer-education-and-instructional-technology,Classrooms,en,
39.9015884266627,32.773614406542,Department of Computer Education and Instructional Technology Building Classrooms - EFCLB3,computer-education-and-instructional-technology,Classrooms,en,
39.9015884266627,32.773614406542,Department of Computer Education and Instructional Technology Building Classrooms - EFCSEMİNER,computer-education-and-instructional-technology,Classrooms,en,
39.8919414864205,32.7831387519836,Department of Computer Engineering Building Classrooms - BMB1,computer-engineering,Classrooms,en,
39.8919414864205,32.7831387519836,Department of Computer Engineering Building Classrooms - BMB2,computer-engineering,Classrooms,en,
39.8919414864205,32.7831387519836,Department of Computer Engineering Building Classrooms - BMB3,computer-engineering,Classrooms,en,
39.8919414864205,32.7831387519836,Department of Computer Engineering Building Classrooms - BMB4,computer-engineering,Classrooms,en,
39.8919414864205,32.7831387519836,Department of Computer Engineering Building Classrooms - BMB5,computer-engineering,Classrooms,en,
39.8919414864205,32.7831387519836,Department of Computer Engineering Building Classrooms - BMB A101,computer-engineering,Classrooms,en,
39.890451,32.782651,Department of Electrical and Electronics Engineering A Block Building Classrooms - EA202,electrical-and-electronics-engineering-a-block-building-classrooms-ea202,Classrooms,en,
39.890451,32.782651,Department of Electrical and Electronics Engineering A Block Building Classrooms - EA206,electrical-and-electronics-engineering-a-block-building-classrooms-ea202,Classrooms,en,
39.890451,32.782651,Department of Electrical and Electronics Engineering A Block Building Classrooms - EA207,electrical-and-electronics-engineering-a-block-building-classrooms-ea202,Classrooms,en,
39.890451,32.782651,Department of Electrical and Electronics Engineering A Block Building Classrooms - EA208,electrical-and-electronics-engineering-a-block-building-classrooms-ea202,Classrooms,en,
39.890451,32.782651,Department of Electrical and Electronics Engineering A Block Building Classrooms - EA209,electrical-and-electronics-engineering-a-block-building-classrooms-ea202,Classrooms,en,
39.890451,32.782651,Department of Electrical and Electronics Engineering A Block Building Classrooms - EA211,electrical-and-electronics-engineering-a-block-building-classrooms-ea202,Classrooms,en,
39.890451,32.782651,Department of Electrical and Electronics Engineering A Block Building Classrooms - EA306,electrical-and-electronics-engineering-a-block-building-classrooms-ea202,Classrooms,en,
39.890451,32.782651,Department of Electrical and Electronics Engineering A Block Building Classrooms - EA307,electrical-and-electronics-engineering-a-block-building-classrooms-ea202,Classrooms,en,
39.890451,32.782651,Department of Electrical and Electronics Engineering A Block Building Classrooms - EA310,electrical-and-electronics-engineering-a-block-building-classrooms-ea202,Classrooms,en,
39.890451,32.782651,Department of Electrical and Electronics Engineering A Block Building Classrooms - EA312,electrical-and-electronics-engineering-a-block-building-classrooms-ea202,Classrooms,en,
39.8914640428517,32.7821838855743,Department of Electrical and Electronics Engineering D Block Building Classrooms - D131,electrical-and-electronics-engineering,Classrooms,en,
39.8914640428517,32.7821838855743,Department of Electrical and Electronics Engineering D Block Building Classrooms - D134,electrical-and-electronics-engineering,Classrooms,en,
39.8914640428517,32.7821838855743,Department of Electrical and Electronics Engineering D Block Building Classrooms - D135,electrical-and-electronics-engineering,Classrooms,en,
39.8869199307265,32.7831416129629,Department of Environmental Engineering Building Classrooms - CZ01,environmental-engineering,Classrooms,en,
39.8869199307265,32.7831416129629,Department of Environmental Engineering Building Classrooms - CZ14,environmental-engineering,Classrooms,en,
39.8869199307265,32.7831416129629,Department of Environmental Engineering Building Classrooms - CZ17,environmental-engineering,Classrooms,en,
39.8869199307265,32.7831416129629,Department of Environmental Engineering Building Classrooms - CZ36,environmental-engineering,Classrooms,en,
39.8869199307265,32.7831416129629,Department of Environmental Engineering Building Classrooms - CZUnitLAB,environmental-engineering,Classrooms,en,
39.8869199307265,32.7831416129629,Department of Environmental Engineering Building Classrooms - CZMicroLAB,environmental-engineering,Classrooms,en,
39.8869199307265,32.7831416129629,Department of Environmental Engineering Building Classrooms - CZChemLab,environmental-engineering,Classrooms,en,
39.8876443745811,32.7790861129324,Department of Food Engineering Building Classrooms - FOOD.AUD,food-engineering,Classrooms,en,
39.8876443745811,32.7790861129324,Department of Food Engineering Building Classrooms - FD1,food-engineering,Classrooms,en,
39.8876443745811,32.7790861129324,Department of Food Engineering Building Classrooms - FD3,food-engineering,Classrooms,en,
39.8876443745811,32.7790861129324,Department of Food Engineering Building Classrooms - FD4,food-engineering,Classrooms,en,
39.9021522203,32.77316093445,Department of Foreign Language Education Building Classrooms - EFB18,foreign-language-education,Classrooms,en,
39.9021522203,32.77316093445,Department of Foreign Language Education Building Classrooms - EFB18A,foreign-language-education,Classrooms,en,
39.9021522203,32.77316093445,Department of Foreign Language Education Building Classrooms - EFB19,foreign-language-education,Classrooms,en,
39.9021522203,32.77316093445,Department of Foreign Language Education Building Classrooms - EFB19A,foreign-language-education,Classrooms,en,
39.9021522203,32.77316093445,Department of Foreign Language Education Building Classrooms - EFB21,foreign-language-education,Classrooms,en,
39.9021522203,32.77316093445,Department of Foreign Language Education Building Classrooms - EFB22,foreign-language-education,Classrooms,en,
39.9021522203,32.77316093445,Department of Foreign Language Education Building Classrooms - EFB23,foreign-language-education,Classrooms,en,
39.9021522203,32.77316093445,Department of Foreign Language Education Building Classrooms - EFB25,foreign-language-education,Classrooms,en,
39.9021522203,32.77316093445,Department of Foreign Language Education Building Classrooms - EFB40,foreign-language-education,Classrooms,en,
39.886113154697,32.7814893722098,Department of Geological Engineering Building Classrooms - GR125,geological-engineering,Classrooms,en,
39.886113154697,32.7814893722098,Department of Geological Engineering Building Classrooms - GR126,geological-engineering,Classrooms,en,
39.886113154697,32.7814893722098,Department of Geological Engineering Building Classrooms - GR218,geological-engineering,Classrooms,en,
39.886113154697,32.7814893722098,Department of Geological Engineering Building Classrooms - GR219,geological-engineering,Classrooms,en,
39.886113154697,32.7814893722098,Department of Geological Engineering Building Classrooms - GR220,geological-engineering,Classrooms,en,
39.886113154697,32.7814893722098,Department of Geological Engineering Building Classrooms - GR224,geological-engineering,Classrooms,en,
39.886113154697,32.7814893722098,Department of Geological Engineering Building Classrooms - GR236,geological-engineering,Classrooms,en,
39.886113154697,32.7814893722098,Department of Geological Engineering Building Classrooms - GR301,geological-engineering,Classrooms,en,
39.886113154697,32.7814893722098,Department of Geological Engineering Building Classrooms - GR302,geological-engineering,Classrooms,en,
39.886113154697,32.7814893722098,Department of Geological Engineering Building Classrooms - GR303,geological-engineering,Classrooms,en,
39.8924189266637,32.7819600105067,Department of Industrial Engineering Building Classrooms - IE03,industrial-engineering,Classrooms,en,
39.8924189266637,32.7819600105067,Department of Industrial Engineering Building Classrooms - IE04,industrial-engineering,Classrooms,en,
39.8924189266637,32.7819600105067,Department of Industrial Engineering Building Classrooms - IE102,industrial-engineering,Classrooms,en,
39.8924189266637,32.7819600105067,Department of Industrial Engineering Building Classrooms - IE103,industrial-engineering,Classrooms,en,
39.8924189266637,32.7819600105067,Department of Industrial Engineering Building Classrooms - IE104,industrial-engineering,Classrooms,en,
39.8924189266637,32.7819600105067,Department of Industrial Engineering Building Classrooms - IE105,industrial-engineering,Classrooms,en,
39.8924189266637,32.7819600105067,Department of Industrial Engineering Building Classrooms - IE106,industrial-engineering,Classrooms,en,
39.8924189266637,32.7819600105067,Department of Industrial Engineering Building Classrooms - IE227,industrial-engineering,Classrooms,en,
39.8924189266637,32.7819600105067,Department of Industrial Engineering Building Classrooms - IE301,industrial-engineering,Classrooms,en,
39.8924189266637,32.7819600105067,Department of Industrial Engineering Building Classrooms - IE306,industrial-engineering,Classrooms,en,
39.8924189266637,32.7819600105067,Department of Industrial Engineering Building Classrooms - IELAB01,industrial-engineering,Classrooms,en,
39.8924189266637,32.7819600105067,Department of Industrial Engineering Building Classrooms - IELAB02,industrial-engineering,Classrooms,en,
39.8956868335247,32.7823984622955,Department of Mathematics Building Classrooms - M04,mathematics,Classrooms,en,
39.8956868335247,32.7823984622955,Department of Mathematics Building Classrooms - M05,mathematics,Classrooms,en,
39.8956868335247,32.7823984622955,Department of Mathematics Building Classrooms - M06,mathematics,Classrooms,en,
39.8956868335247,32.7823984622955,Department of Mathematics Building Classrooms - M07,mathematics,Classrooms,en,
39.8956868335247,32.7823984622955,Department of Mathematics Building Classrooms - M08,mathematics,Classrooms,en,
39.8956868335247,32.7823984622955,Department of Mathematics Building Classrooms - M13,mathematics,Classrooms,en,
39.8956868335247,32.7823984622955,Department of Mathematics Building Classrooms - M102,mathematics,Classrooms,en,
39.8956868335247,32.7823984622955,Department of Mathematics Building Classrooms - M103,mathematics,Classrooms,en,
39.8956868335247,32.7823984622955,Department of Mathematics Building Classrooms - M104,mathematics,Classrooms,en,
39.8956868335247,32.7823984622955,Department of Mathematics Building Classrooms - M105,mathematics,Classrooms,en,
39.8956868335247,32.7823984622955,Department of Mathematics Building Classrooms - M106,mathematics,Classrooms,en,
39.8890109182842,32.7823247909328,Department of Mechanical Engineering B Block Building Classrooms - MEB101,mechanical-engineering-b-block,Classrooms,en,
39.8890109182842,32.7823247909328,Department of Mechanical Engineering B Block Building Classrooms - MEB102,mechanical-engineering-b-block,Classrooms,en,
39.8890109182842,32.7823247909328,Department of Mechanical Engineering B Block Building Classrooms - MEB103,mechanical-engineering-b-block,Classrooms,en,
39.8890109182842,32.7823247909328,Department of Mechanical Engineering B Block Building Classrooms - MEB202,mechanical-engineering-b-block,Classrooms,en,
39.8890109182842,32.7823247909328,Department of Mechanical Engineering B Block Building Classrooms - MEB203,mechanical-engineering-b-block,Classrooms,en,
39.8890109182842,32.7823247909328,Department of Mechanical Engineering B Block Building Classrooms - MEB204,mechanical-engineering-b-block,Classrooms,en,
39.8890109182842,32.7823247909328,Department of Mechanical Engineering B Block Building Classrooms - MEB206,mechanical-engineering-b-block,Classrooms,en,
39.8890109182842,32.7823247909328,Department of Mechanical Engineering B Block Building Classrooms - MEB207,mechanical-engineering-b-block,Classrooms,en,
39.8890109182842,32.7823247909328,Department of Mechanical Engineering B Block Building Classrooms - MELAB01,mechanical-engineering-b-block,Classrooms,en,
39.8890109182842,32.7823247909328,Department of Mechanical Engineering B Block Building Classrooms - MELAB02,mechanical-engineering-b-block,Classrooms,en,
39.8901140120058,32.780200481393,Department of Mechanical Engineering D Block Building Classrooms - MED101,mechanical-engineering-d-block,Classrooms,en,
39.8901140120058,32.780200481393,Department of Mechanical Engineering D Block Building Classrooms - MED107,mechanical-engineering-d-block,Classrooms,en,
39.8901140120058,32.780200481393,Department of Mechanical Engineering D Block Building Classrooms - MED109,mechanical-engineering-d-block,Classrooms,en,
39.8901140120058,32.780200481393,Department of Mechanical Engineering D Block Building Classrooms - MED111,mechanical-engineering-d-block,Classrooms,en,
39.8901140120058,32.780200481393,Department of Mechanical Engineering D Block Building Classrooms - MED113,mechanical-engineering-d-block,Classrooms,en,
39.8889285971455,32.7803721427699,Department of Mechanical Engineering G Block Building Classrooms - MEG101,mechanical-engineering-g-block,Classrooms,en,
39.8889285971455,32.7803721427699,Department of Mechanical Engineering G Block Building Classrooms - MEG102,mechanical-engineering-g-block,Classrooms,en,
39.8889285971455,32.7803721427699,Department of Mechanical Engineering G Block Building Classrooms - MEG103,mechanical-engineering-g-block,Classrooms,en,
39.8889285971455,32.7803721427699,Department of Mechanical Engineering G Block Building Classrooms - MEG108,mechanical-engineering-g-block,Classrooms,en,
39.8889285971455,32.7803721427699,Department of Mechanical Engineering G Block Building Classrooms - MEG201,mechanical-engineering-g-block,Classrooms,en,
39.8889285971455,32.7803721427699,Department of Mechanical Engineering G Block Building Classrooms - MEG202,mechanical-engineering-g-block,Classrooms,en,
39.8889285971455,32.7803721427699,Department of Mechanical Engineering G Block Building Classrooms - MEG203,mechanical-engineering-g-block,Classrooms,en,
39.886014365143,32.7826695441763,Department of Metallurgical and Materials Engineering B and C Block Building Classrooms - MTB108,metallurgical-and-materials-engineering,Classrooms,en,
39.886014365143,32.7826695441763,Department of Metallurgical and Materials Engineering B and C Block Building Classrooms - MTB208,metallurgical-and-materials-engineering,Classrooms,en,
39.886014365143,32.7826695441763,Department of Metallurgical and Materials Engineering B and C Block Building Classrooms - MTB308,metallurgical-and-materials-engineering,Classrooms,en,
39.886014365143,32.7826695441763,Department of Metallurgical and Materials Engineering B and C Block Building Classrooms - MTB309,metallurgical-and-materials-engineering,Classrooms,en,
39.886014365143,32.7826695441763,Department of Metallurgical and Materials Engineering B and C Block Building Classrooms - MTC.AUD,metallurgical-and-materials-engineering,Classrooms,en,
39.885447,32.782072,Department of Metallurgical and Materials Engineering E Block Building Classrooms - MTE04,metallurgical-and-materials-engineering-e-block-building-classrooms-mte04,Classrooms,en,
39.885447,32.782072,Department of Metallurgical and Materials Engineering E Block Building Classrooms - MTE110,metallurgical-and-materials-engineering-e-block-building-classrooms-mte04,Classrooms,en,
39.885447,32.782072,Department of Metallurgical and Materials Engineering E Block Building Classrooms - MTE308,metallurgical-and-materials-engineering-e-block-building-classrooms-mte04,Classrooms,en,
39.8858167856079,32.7805237769644,Department of Mining Engineering Building Classrooms - MN.AUD,mining-engineering,Classrooms,en,
39.8858167856079,32.7805237769644,Department of Mining Engineering Building Classrooms - MN102,mining-engineering,Classrooms,en,
39.8858167856079,32.7805237769644,Department of Mining Engineering Building Classrooms - MN103,mining-engineering,Classrooms,en,
39.8858167856079,32.7805237769644,Department of Mining Engineering Building Classrooms - MN104,mining-engineering,Classrooms,en,
39.8858167856079,32.7805237769644,Department of Mining Engineering Building Classrooms - MN105,mining-engineering,Classrooms,en,
39.8858167856079,32.7805237769644,Department of Mining Engineering Building Classrooms - MN113,mining-engineering,Classrooms,en,
39.8858167856079,32.7805237769644,Department of Mining Engineering Building Classrooms - MN123,mining-engineering,Classrooms,en,
39.8866564946996,32.7793436049978,Department of Petroleum and Natural Gas Engineering Building Classrooms - PT11,petroleum-and-natural-gas-engineering,Classrooms,en,
39.8866564946996,32.7793436049978,Department of Petroleum and Natural Gas Engineering Building Classrooms - PT12,petroleum-and-natural-gas-engineering,Classrooms,en,
39.8866564946996,32.7793436049978,Department of Petroleum and Natural Gas Engineering Building Classrooms - PT13,petroleum-and-natural-gas-engineering,Classrooms,en,
39.8866564946996,32.7793436049978,Department of Petroleum and Natural Gas Engineering Building Classrooms - PT34,petroleum-and-natural-gas-engineering,Classrooms,en,
39.8866564946996,32.7793436049978,Department of Petroleum and Natural Gas Engineering Building Classrooms - PT35,petroleum-and-natural-gas-engineering,Classrooms,en,
39.8866564946996,32.7793436049978,Department of Petroleum and Natural Gas Engineering Building Classrooms - PT36,petroleum-and-natural-gas-engineering,Classrooms,en,
39.8942874970168,32.7818191051483,Department of Physics Building Classrooms - C.ERG.SEM.,physics,Classrooms,en,
39.8942874970168,32.7818191051483,Department of Physics Building Classrooms - P1,physics,Classrooms,en,
39.8942874970168,32.7818191051483,Department of Physics Building Classrooms - P2,physics,Classrooms,en,
39.8942874970168,32.7818191051483,Department of Physics Building Classrooms - P3,physics,Classrooms,en,
39.8942874970168,32.7818191051483,Department of Physics Building Classrooms - P4,physics,Classrooms,en,
39.8942874970168,32.7818191051483,Department of Physics Building Classrooms - P5,physics,Classrooms,en,
39.8942874970168,32.7818191051483,Department of Physics Building Classrooms - P6,physics,Classrooms,en,
39.8942874970168,32.7818191051483,Department of Physics Building Classrooms - P7,physics,Classrooms,en,
39.8942874970168,32.7818191051483,Department of Physics Building Classrooms - P250,physics,Classrooms,en,
39.8942874970168,32.7818191051483,Department of Physics Building Classrooms - P350,physics,Classrooms,en,
39.8942874970168,32.7818191051483,Department of Physics Building Classrooms - P421,physics,Classrooms,en,
39.8942874970168,32.7818191051483,Department of Physics Building Classrooms - P422,physics,Classrooms,en,
39.8942874970168,32.7818191051483,Department of Physics Building Classrooms - P436,physics,Classrooms,en,
39.8942874970168,32.7818191051483,Department of Physics Building Classrooms - S208,physics,Classrooms,en,
39.8942874970168,32.7818191051483,Department of Physics Building Classrooms - S209,physics,Classrooms,en,
39.8942874970168,32.7818191051483,Department of Physics Building Classrooms - LAB1,physics,Classrooms,en,
39.8942874970168,32.7818191051483,Department of Physics Building Classrooms - LAB3,physics,Classrooms,en,
39.8942874970168,32.7818191051483,Department of Physics Building Classrooms - LAB4,physics,Classrooms,en,
39.8942874970168,32.7818191051483,Department of Physics Building Classrooms - LAB16,physics,Classrooms,en,
39.8942874970168,32.7818191051483,Department of Physics Building Classrooms - LAB17,physics,Classrooms,en,
39.8942874970168,32.7818191051483,Department of Physics Building Classrooms - LAB21,physics,Classrooms,en,
39.8942874970168,32.7818191051483,Department of Physics Building Classrooms - LAB22,physics,Classrooms,en,
39.8942874970168,32.7818191051483,Department of Physics Building Classrooms - LAB26,physics,Classrooms,en,
39.8942874970168,32.7818191051483,Department of Physics Building Classrooms - LAB31,physics,Classrooms,en,
39.8942874970168,32.7818191051483,Department of Physics Building Classrooms - LAB32,physics,Classrooms,en,
39.8942874970168,32.7818191051483,Department of Physics Building Classrooms - E.İNÖNÜ SL.,physics,Classrooms,en,
39.8942874970168,32.7818191051483,Department of Physics Building Classrooms - AKILLI S.,physics,Classrooms,en,
39.8942874970168,32.7818191051483,Department of Physics Building Classrooms - Z38,physics,Classrooms,en,
39.8950406728641,32.7825647592545,Department of Physics U-Auditorium Classrooms - U1,physics-u-auditorium-classrooms-u1,Classrooms,en,
39.8950406728641,32.7825647592545,Department of Physics U-Auditorium Classrooms - U2,physics-u-auditorium-classrooms-u1,Classrooms,en,
39.8950406728641,32.7825647592545,Department of Physics U-Auditorium Classrooms - U3,physics-u-auditorium-classrooms-u1,Classrooms,en,
39.8923530730348,32.7834284305573,Engineering Sciences Building Classrooms - MM14,engineering-building,Classrooms,en,
39.8923530730348,32.7834284305573,Engineering Sciences Building Classrooms - MM125,engineering-building,Classrooms,en,
39.8923530730348,32.7834284305573,Engineering Sciences Building Classrooms - MM308,engineering-building,Classrooms,en,
39.8923530730348,32.7834284305573,Engineering Sciences Building Classrooms - MM309,engineering-building,Classrooms,en,
39.8923530730348,32.7834284305573,Engineering Sciences Building Classrooms - MM315,engineering-building,Classrooms,en,
39.8923530730348,32.7834284305573,Engineering Sciences Building Classrooms - MM316,engineering-building,Classrooms,en,
39.8923530730348,32.7834284305573,Engineering Sciences Building Classrooms - MM316A,engineering-building,Classrooms,en,
39.8923530730348,32.7834284305573,Engineering Sciences Building Classrooms - MM321,engineering-building,Classrooms,en,
39.8923530730348,32.7834284305573,Engineering Sciences Building Classrooms - MM412,engineering-building,Classrooms,en,
39.8923530730348,32.7834284305573,Engineering Sciences Building Classrooms - MM451,engineering-building,Classrooms,en,
39.8969544431093,32.7813577651978,Faculty of Architecture Building Classrooms - R22,architecture,Classrooms,en,
39.8969544431093,32.7813577651978,Faculty of Architecture Building Classrooms - R28,architecture,Classrooms,en,
39.8969544431093,32.7813577651978,Faculty of Architecture Building Classrooms - R35,architecture,Classrooms,en,
39.8969544431093,32.7813577651978,Faculty of Architecture Building Classrooms - R43,architecture,Classrooms,en,
39.8969544431093,32.7813577651978,Faculty of Architecture Building Classrooms - R44,architecture,Classrooms,en,
39.8969544431093,32.7813577651978,Faculty of Architecture Building Classrooms - R45,architecture,Classrooms,en,
39.8969544431093,32.7813577651978,Faculty of Architecture Building Classrooms - R46,architecture,Classrooms,en,
39.8969544431093,32.7813577651978,Faculty of Architecture Building Classrooms - R47,architecture,Classrooms,en,
39.8969544431093,32.7813577651978,Faculty of Architecture Building Classrooms - R48,architecture,Classrooms,en,
39.8969544431093,32.7813577651978,Faculty of Architecture Building Classrooms - R49,architecture,Classrooms,en,
39.8969544431093,32.7813577651978,Faculty of Architecture Building Classrooms - R84,architecture,Classrooms,en,
39.8969544431093,32.7813577651978,Faculty of Architecture Building Classrooms - R89,architecture,Classrooms,en,
39.8969544431093,32.7813577651978,Faculty of Architecture Building Classrooms - R90A,architecture,Classrooms,en,
39.8969544431093,32.7813577651978,Faculty of Architecture Building Classrooms - R90B,architecture,Classrooms,en,
39.8969544431093,32.7813577651978,Faculty of Architecture Building Classrooms - R207,architecture,Classrooms,en,
39.8969544431093,32.7813577651978,Faculty of Architecture Building Classrooms - R420,architecture,Classrooms,en,
39.8969544431093,32.7813577651978,Faculty of Architecture Building Classrooms - MİMAtölye,architecture,Classrooms,en,
39.8969544431093,32.7813577651978,Faculty of Architecture Building Classrooms - MimBilLab,architecture,Classrooms,en,
39.8969544431093,32.7813577651978,Faculty of Architecture Building Classrooms - ST1,architecture,Classrooms,en,
39.8969544431093,32.7813577651978,Faculty of Architecture Building Classrooms - ST2,architecture,Classrooms,en,
39.8969544431093,32.7813577651978,Faculty of Architecture Building Classrooms - ST3,architecture,Classrooms,en,
39.8969544431093,32.7813577651978,Faculty of Architecture Building Classrooms - ST4,architecture,Classrooms,en,
39.8969544431093,32.7813577651978,Faculty of Architecture Building Classrooms - ST1A,architecture,Classrooms,en,
39.8969544431093,32.7813577651978,Faculty of Architecture Building Classrooms - ST2A,architecture,Classrooms,en,
39.8969544431093,32.7813577651978,Faculty of Architecture Building Classrooms - ST3A,architecture,Classrooms,en,
39.8969544431093,32.7813577651978,Faculty of Architecture Building Classrooms - ST4A,architecture,Classrooms,en,
39.8969544431093,32.7813577651978,Faculty of Architecture Building Classrooms - ST1C,architecture,Classrooms,en,
39.8969544431093,32.7813577651978,Faculty of Architecture Building Classrooms - ST2C,architecture,Classrooms,en,
39.8969544431093,32.7813577651978,Faculty of Architecture Building Classrooms - ST3C,architecture,Classrooms,en,
39.8969544431093,32.7813577651978,Faculty of Architecture Building Classrooms - ST4C,architecture,Classrooms,en,
39.8969544431093,32.7813577651978,Faculty of Architecture Building Classrooms - ST27,architecture,Classrooms,en,
39.8969544431093,32.7813577651978,Faculty of Architecture Building Classrooms - ST32,architecture,Classrooms,en,
39.8969544431093,32.7813577651978,Faculty of Architecture Building Classrooms - ST33,architecture,Classrooms,en,
39.8969544431093,32.7813577651978,Faculty of Architecture Building Classrooms - ST34,architecture,Classrooms,en,
39.8969544431093,32.7813577651978,Faculty of Architecture Building Classrooms - UTEST,architecture,Classrooms,en,
39.8969544431093,32.7813577651978,Faculty of Architecture Building Classrooms - UPL209,architecture,Classrooms,en,
39.8969544431093,32.7813577651978,Faculty of Architecture Building Classrooms - WSAtölye,architecture,Classrooms,en,
39.894553,32.78253,Faculty of Arts and Science Building Classrooms - S209,arts-and-sciences,Classrooms,en,
39.8983125702178,32.7827417850494,Faculty of Economic and Administrative Sciences A Building Classrooms - A200,economic-and-administrative-sciences-1,Classrooms,en,
39.8983125702178,32.7827417850494,Faculty of Economic and Administrative Sciences A Building Classrooms - F.AUD,economic-and-administrative-sciences-1,Classrooms,en,
39.8983125702178,32.7827417850494,Faculty of Economic and Administrative Sciences A Building Classrooms - F14,economic-and-administrative-sciences-1,Classrooms,en,
39.8983125702178,32.7827417850494,Faculty of Economic and Administrative Sciences A Building Classrooms - F15,economic-and-administrative-sciences-1,Classrooms,en,
39.8983125702178,32.7827417850494,Faculty of Economic and Administrative Sciences A Building Classrooms - F16,economic-and-administrative-sciences-1,Classrooms,en,
39.8983125702178,32.7827417850494,Faculty of Economic and Administrative Sciences A Building Classrooms - F17,economic-and-administrative-sciences-1,Classrooms,en,
39.8983125702178,32.7827417850494,Faculty of Economic and Administrative Sciences A Building Classrooms - F19,economic-and-administrative-sciences-1,Classrooms,en,
39.8983125702178,32.7827417850494,Faculty of Economic and Administrative Sciences A Building Classrooms - F104,economic-and-administrative-sciences-1,Classrooms,en,
39.8983125702178,32.7827417850494,Faculty of Economic and Administrative Sciences A Building Classrooms - F106,economic-and-administrative-sciences-1,Classrooms,en,
39.8983125702178,32.7827417850494,Faculty of Economic and Administrative Sciences A Building Classrooms - F108,economic-and-administrative-sciences-1,Classrooms,en,
39.8983125702178,32.7827417850494,Faculty of Economic and Administrative Sciences A Building Classrooms - F109,economic-and-administrative-sciences-1,Classrooms,en,
39.8983125702178,32.7827417850494,Faculty of Economic and Administrative Sciences A Building Classrooms - FZ08,economic-and-administrative-sciences-1,Classrooms,en,
39.8983125702178,32.7827417850494,Faculty of Economic and Administrative Sciences A Building Classrooms - FZ09,economic-and-administrative-sciences-1,Classrooms,en,
39.8983125702178,32.7827417850494,Faculty of Economic and Administrative Sciences A Building Classrooms - FZ14,economic-and-administrative-sciences-1,Classrooms,en,
39.8983125702178,32.7827417850494,Faculty of Economic and Administrative Sciences A Building Classrooms - FZ15,economic-and-administrative-sciences-1,Classrooms,en,
39.8983125702178,32.7827417850494,Faculty of Economic and Administrative Sciences A Building Classrooms - FZ16,economic-and-administrative-sciences-1,Classrooms,en,
39.8983125702178,32.7827417850494,Faculty of Economic and Administrative Sciences A Building Classrooms - FZ17,economic-and-administrative-sciences-1,Classrooms,en,
39.8983125702178,32.7827417850494,Faculty of Economic and Administrative Sciences A Building Classrooms - FZ19,economic-and-administrative-sciences-1,Classrooms,en,
39.8989051990667,32.7784931659698,Faculty of Economic and Administrative Sciences B Building Classrooms - G101,economic-and-administrative-sciences-2,Classrooms,en,
39.8989051990667,32.7784931659698,Faculty of Economic and Administrative Sciences B Building Classrooms - G102,economic-and-administrative-sciences-2,Classrooms,en,
39.8989051990667,32.7784931659698,Faculty of Economic and Administrative Sciences B Building Classrooms - G104,economic-and-administrative-sciences-2,Classrooms,en,
39.8989051990667,32.7784931659698,Faculty of Economic and Administrative Sciences B Building Classrooms - G106,economic-and-administrative-sciences-2,Classrooms,en,
39.8989051990667,32.7784931659698,Faculty of Economic and Administrative Sciences B Building Classrooms - G107,economic-and-administrative-sciences-2,Classrooms,en,
39.8989051990667,32.7784931659698,Faculty of Economic and Administrative Sciences B Building Classrooms - G108,economic-and-administrative-sciences-2,Classrooms,en,
39.8989051990667,32.7784931659698,Faculty of Economic and Administrative Sciences B Building Classrooms - G109,economic-and-administrative-sciences-2,Classrooms,en,
39.8989051990667,32.7784931659698,Faculty of Economic and Administrative Sciences B Building Classrooms - G110,economic-and-administrative-sciences-2,Classrooms,en,
39.8989051990667,32.7784931659698,Faculty of Economic and Administrative Sciences B Building Classrooms - G111,economic-and-administrative-sciences-2,Classrooms,en,
39.8989051990667,32.7784931659698,Faculty of Economic and Administrative Sciences B Building Classrooms - G166,economic-and-administrative-sciences-2,Classrooms,en,
39.8989051990667,32.7784931659698,Faculty of Economic and Administrative Sciences B Building Classrooms - G167,economic-and-administrative-sciences-2,Classrooms,en,
39.8989051990667,32.7784931659698,Faculty of Economic and Administrative Sciences B Building Classrooms - G168,economic-and-administrative-sciences-2,Classrooms,en,
39.8989051990667,32.7784931659698,Faculty of Economic and Administrative Sciences B Building Classrooms - G169,economic-and-administrative-sciences-2,Classrooms,en,
39.8989051990667,32.7784931659698,Faculty of Economic and Administrative Sciences B Building Classrooms - G201,economic-and-administrative-sciences-2,Classrooms,en,
39.8989051990667,32.7784931659698,Faculty of Economic and Administrative Sciences B Building Classrooms - G202,economic-and-administrative-sciences-2,Classrooms,en,
39.8989051990667,32.7784931659698,Faculty of Economic and Administrative Sciences B Building Classrooms - G204,economic-and-administrative-sciences-2,Classrooms,en,
39.8989051990667,32.7784931659698,Faculty of Economic and Administrative Sciences B Building Classrooms - G206,economic-and-administrative-sciences-2,Classrooms,en,
39.8989051990667,32.7784931659698,Faculty of Economic and Administrative Sciences B Building Classrooms - G207,economic-and-administrative-sciences-2,Classrooms,en,
39.8989051990667,32.7784931659698,Faculty of Economic and Administrative Sciences B Building Classrooms - G208,economic-and-administrative-sciences-2,Classrooms,en,
39.8989051990667,32.7784931659698,Faculty of Economic and Administrative Sciences B Building Classrooms - G209,economic-and-administrative-sciences-2,Classrooms,en,
39.8989051990667,32.7784931659698,Faculty of Economic and Administrative Sciences B Building Classrooms - G266,economic-and-administrative-sciences-2,Classrooms,en,
39.8989051990667,32.7784931659698,Faculty of Economic and Administrative Sciences B Building Classrooms - G268,economic-and-administrative-sciences-2,Classrooms,en,
39.8989051990667,32.7784931659698,Faculty of Economic and Administrative Sciences B Building Classrooms - SİNEVİZYON,economic-and-administrative-sciences-2,Classrooms,en,
39.9006665934468,32.7764253615896,Faculty of Education A Block Building Classrooms - EFA01,education,Classrooms,en,
39.9006665934468,32.7764253615896,Faculty of Education A Block Building Classrooms - EFA10,education,Classrooms,en,
39.9006665934468,32.7764253615896,Faculty of Education A Block Building Classrooms - EFA11,education,Classrooms,en,
39.9006665934468,32.7764253615896,Faculty of Education A Block Building Classrooms - EFA12,education,Classrooms,en,
39.9006665934468,32.7764253615896,Faculty of Education A Block Building Classrooms - EFA12A,education,Classrooms,en,
39.9006665934468,32.7764253615896,Faculty of Education A Block Building Classrooms - EFA13,education,Classrooms,en,
39.9006665934468,32.7764253615896,Faculty of Education A Block Building Classrooms - EFA14,education,Classrooms,en,
39.9006665934468,32.7764253615896,Faculty of Education A Block Building Classrooms - EFA15,education,Classrooms,en,
39.9006665934468,32.7764253615896,Faculty of Education A Block Building Classrooms - EFA16,education,Classrooms,en,
39.9006665934468,32.7764253615896,Faculty of Education A Block Building Classrooms - EFA19,education,Classrooms,en,
39.9006665934468,32.7764253615896,Faculty of Education A Block Building Classrooms - EFA20,education,Classrooms,en,
39.9006665934468,32.7764253615896,Faculty of Education A Block Building Classrooms - EFA22,education,Classrooms,en,
39.9006665934468,32.7764253615896,Faculty of Education A Block Building Classrooms - EFA24,education,Classrooms,en,
39.9006665934468,32.7764253615896,Faculty of Education A Block Building Classrooms - EFA25,education,Classrooms,en,
39.9006665934468,32.7764253615896,Faculty of Education A Block Building Classrooms - EFA26,education,Classrooms,en,
39.9006665934468,32.7764253615896,Faculty of Education A Block Building Classrooms - EFA27,education,Classrooms,en,
39.9006665934468,32.7764253615896,Faculty of Education A Block Building Classrooms - EFA28,education,Classrooms,en,
39.9006665934468,32.7764253615896,Faculty of Education A Block Building Classrooms - EFA30,education,Classrooms,en,
39.9006665934468,32.7764253615896,Faculty of Education A Block Building Classrooms - EFA32,education,Classrooms,en,
39.9006665934468,32.7764253615896,Faculty of Education A Block Building Classrooms - EFA33,education,Classrooms,en,
39.9006665934468,32.7764253615896,Faculty of Education A Block Building Classrooms - EFA34,education,Classrooms,en,
39.9006665934468,32.7764253615896,Faculty of Education A Block Building Classrooms - EFA35,education,Classrooms,en,
39.9006665934468,32.7764253615896,Faculty of Education A Block Building Classrooms - EFA38,education,Classrooms,en,
39.9006665934468,32.7764253615896,Faculty of Education A Block Building Classrooms - EFA300,education,Classrooms,en,
39.9006665934468,32.7764253615896,Faculty of Education A Block Building Classrooms - EFA307,education,Classrooms,en,
39.9006665934468,32.7764253615896,Faculty of Education A Block Building Classrooms - EFLAB,education,Classrooms,en,
39.9006665934468,32.7764253615896,Faculty of Education A Block Building Classrooms - SEMINER406,education,Classrooms,en,
39.900472,32.776767,Faculty of Education B Block Building Classrooms - EFD10,education-b-block-building-classrooms-efd10,Classrooms,en,
39.900472,32.776767,Faculty of Education B Block Building Classrooms - EFD11,education-b-block-building-classrooms-efd10,Classrooms,en,
39.900472,32.776767,Faculty of Education B Block Building Classrooms - EFD12,education-b-block-building-classrooms-efd10,Classrooms,en,
39.900472,32.776767,Faculty of Education B Block Building Classrooms - EFD13,education-b-block-building-classrooms-efd10,Classrooms,en,
39.900472,32.776767,Faculty of Education B Block Building Classrooms - EFD14,education-b-block-building-classrooms-efd10,Classrooms,en,
39.900472,32.776767,Faculty of Education B Block Building Classrooms - EFD15,education-b-block-building-classrooms-efd10,Classrooms,en,
39.900472,32.776767,Faculty of Education B Block Building Classrooms - EFD101,education-b-block-building-classrooms-efd10,Classrooms,en,
39.900472,32.776767,Faculty of Education B Block Building Classrooms - EFD102,education-b-block-building-classrooms-efd10,Classrooms,en,
39.900472,32.776767,Faculty of Education B Block Building Classrooms - EFD103,education-b-block-building-classrooms-efd10,Classrooms,en,
39.900472,32.776767,Faculty of Education B Block Building Classrooms - EFD104,education-b-block-building-classrooms-efd10,Classrooms,en,
39.900472,32.776767,Faculty of Education B Block Building Classrooms - EFD105,education-b-block-building-classrooms-efd10,Classrooms,en,
39.900472,32.776767,Faculty of Education B Block Building Classrooms - EFD106,education-b-block-building-classrooms-efd10,Classrooms,en,
39.900472,32.776767,Faculty of Education B Block Building Classrooms - EFD201,education-b-block-building-classrooms-efd10,Classrooms,en,
39.900472,32.776767,Faculty of Education B Block Building Classrooms - EFD202,education-b-block-building-classrooms-efd10,Classrooms,en,
39.900472,32.776767,Faculty of Education B Block Building Classrooms - EFD203,education-b-block-building-classrooms-efd10,Classrooms,en,
39.900472,32.776767,Faculty of Education B Block Building Classrooms - EFD204,education-b-block-building-classrooms-efd10,Classrooms,en,
39.900472,32.776767,Faculty of Education B Block Building Classrooms - EFD205,education-b-block-building-classrooms-efd10,Classrooms,en,
39.900472,32.776767,Faculty of Education B Block Building Classrooms - EFD206,education-b-block-building-classrooms-efd10,Classrooms,en,
39.896246560128,32.7819693088531,Human Sciences Building Classrooms - B04,human-sciences-building,Classrooms,en,
39.896246560128,32.7819693088531,Human Sciences Building Classrooms - B05,human-sciences-building,Classrooms,en,
39.896246560128,32.7819693088531,Human Sciences Building Classrooms - B06,human-sciences-building,Classrooms,en,
39.896246560128,32.7819693088531,Human Sciences Building Classrooms - B07,human-sciences-building,Classrooms,en,
39.896246560128,32.7819693088531,Human Sciences Building Classrooms - B08,human-sciences-building,Classrooms,en,
39.896246560128,32.7819693088531,Human Sciences Building Classrooms - B14,human-sciences-building,Classrooms,en,
39.896246560128,32.7819693088531,Human Sciences Building Classrooms - B102,human-sciences-building,Classrooms,en,
39.896246560128,32.7819693088531,Human Sciences Building Classrooms - B103,human-sciences-building,Classrooms,en,
39.896246560128,32.7819693088531,Human Sciences Building Classrooms - B104,human-sciences-building,Classrooms,en,
39.896246560128,32.7819693088531,Human Sciences Building Classrooms - B106,human-sciences-building,Classrooms,en,
39.896246560128,32.7819693088531,Human Sciences Building Classrooms - B114,human-sciences-building,Classrooms,en,
39.896246560128,32.7819693088531,Human Sciences Building Classrooms - B202,human-sciences-building,Classrooms,en,
39.896246560128,32.7819693088531,Human Sciences Building Classrooms - B205A,human-sciences-building,Classrooms,en,
39.896246560128,32.7819693088531,Human Sciences Building Classrooms - B205B,human-sciences-building,Classrooms,en,
39.896246560128,32.7819693088531,Human Sciences Building Classrooms - B206,human-sciences-building,Classrooms,en,
39.8922542924728,32.7780561446707,Informatics Institute Building Classrooms - ENF.LAB.,informatics-institute,Classrooms,en,
39.8922542924728,32.7780561446707,Informatics Institute Building Classrooms - II01,informatics-institute,Classrooms,en,
39.8922542924728,32.7780561446707,Informatics Institute Building Classrooms - II02,informatics-institute,Classrooms,en,
39.8922542924728,32.7780561446707,Informatics Institute Building Classrooms - II03,informatics-institute,Classrooms,en,
39.8922542924728,32.7780561446707,Informatics Institute Building Classrooms - II04,informatics-institute,Classrooms,en,
39.8922542924728,32.7780561446707,Informatics Institute Building Classrooms - II05,informatics-institute,Classrooms,en,
39.8922542924728,32.7780561446707,Informatics Institute Building Classrooms - II06,informatics-institute,Classrooms,en,
39.8922542924728,32.7780561446707,Informatics Institute Building Classrooms - II07,informatics-institute,Classrooms,en,
39.887584,32.781995,Yüksel Proje Lecture Hall - YP-A1,yuksel-proje-lecture-hall-yp-a1,Classrooms,en,
39.887584,32.781995,Yüksel Proje Lecture Hall - YP-A2,yuksel-proje-lecture-hall-yp-a1,Classrooms,en,
39.887584,32.781995,Yüksel Proje Lecture Hall - YP-A3,yuksel-proje-lecture-hall-yp-a1,Classrooms,en,
39.887584,32.781995,Yüksel Proje Lecture Hall - YP-A4,yuksel-proje-lecture-hall-yp-a1,Classrooms,en,
39.887584,32.781995,Yüksel Proje Lecture Hall - YP-B201,yuksel-proje-lecture-hall-yp-a1,Classrooms,en,
39.887584,32.781995,Yüksel Proje Lecture Hall - YP-B202,yuksel-proje-lecture-hall-yp-a1,Classrooms,en,
39.887584,32.781995,Yüksel Proje Lecture Hall - YP-D001,yuksel-proje-lecture-hall-yp-a1,Classrooms,en,
39.887584,32.781995,Yüksel Proje Lecture Hall - YP-D002,yuksel-proje-lecture-hall-yp-a1,Classrooms,en,
39.887584,32.781995,Yüksel Proje Lecture Hall - YP-D003,yuksel-proje-lecture-hall-yp-a1,Classrooms,en,
39.887584,32.781995,Yüksel Proje Lecture Hall - YP-D101,yuksel-proje-lecture-hall-yp-a1,Classrooms,en,
39.887584,32.781995,Yüksel Proje Lecture Hall - YP-D102,yuksel-proje-lecture-hall-yp-a1,Classrooms,en,
39.887584,32.781995,Yüksel Proje Lecture Hall - YP-D103,yuksel-proje-lecture-hall-yp-a1,Classrooms,en,
39.887584,32.781995,Yüksel Proje Lecture Hall - YP-D104,yuksel-proje-lecture-hall-yp-a1,Classrooms,en,
39.887584,32.781995,Yüksel Proje Lecture Hall - YP-D105,yuksel-proje-lecture-hall-yp-a1,Classrooms,en,
39.887584,32.781995,Yüksel Proje Lecture Hall - YP-D106,yuksel-proje-lecture-hall-yp-a1,Classrooms,en,
39.887584,32.781995,Yüksel Proje Lecture Hall - YP-D107,yuksel-proje-lecture-hall-yp-a1,Classrooms,en,
39.887584,32.781995,Yüksel Proje Lecture Hall - YP-D201,yuksel-proje-lecture-hall-yp-a1,Classrooms,en,
39.887584,32.781995,Yüksel Proje Lecture Hall - YP-D202,yuksel-proje-lecture-hall-yp-a1,Classrooms,en,
39.887584,32.781995,Yüksel Proje Lecture Hall - YP-D203,yuksel-proje-lecture-hall-yp-a1,Classrooms,en,
39.887584,32.781995,Yüksel Proje Lecture Hall - YP-D204,yuksel-proje-lecture-hall-yp-a1,Classrooms,en,
39.887584,32.781995,Yüksel Proje Lecture Hall - YP-D205,yuksel-proje-lecture-hall-yp-a1,Classrooms,en,
39.8904103625179,32.7881076335689,1st Dormitory,1st-dormitory,Buildings and Dormitories,en,https://files.catbox.moe/cput1z.jpg
39.885448,32.776926,19th Dormitory,19th-dormitory,Buildings and Dormitories,en,https://lh5.googleusercontent.com/proxy/WsZ8s5JdTvJZABEZOLajGPQElNQcGi7qWoBvYluYG9mNcOfYmuvayBtB-UfabmJ_lyjmF4kMFQkkFirF0GUExrIT
39.8902292595794,32.7894287108938,2nd Dormitory,2nd-dormitory,Buildings and Dormitories,en,https://files.catbox.moe/whc6m9.jpg
39.8897682681224,32.7880003452083,3rd Dormitory,3rd-dormitory,Buildings and Dormitories,en,https://files.catbox.moe/723qrv.jpg
39.8894883789395,32.788665533044,4th Dormitory,4th-dormitory,Buildings and Dormitories,en,https://odtu101.com/wp-content/uploads/2021/08/111.jpg
39.889076775124,32.7897062301417,5th Dormitory,5th-dormitory,Buildings and Dormitories,en,
39.8884511325913,32.7897001504789,6th Dormitory,6th-dormitory,Buildings and Dormitories,en,https://odtu101.com/wp-content/uploads/2021/08/Resim1-1.jpg
39.8890026861748,32.7890195846339,7th Dormitory,7th-dormitory,Buildings and Dormitories,en,https://odtu101.com/wp-content/uploads/2021/08/830adec0-d178-48df-b124-5d03f2bd879f.jpg
39.8887474902922,32.7879037856837,8th Dormitory,8th-dormitory,Buildings and Dormitories,en,https://odtu101.com/wp-content/uploads/2021/08/8.-Yurt.png
39.8879818969445,32.7900710105678,9th Dormitory,9th-dormitory,Buildings and Dormitories,en,
39.8871504364197,32.7683544158936,Aysel Sabuncu Guesthouse,aysel-sabuncu-guesthouse,Buildings and Dormitories,en,https://sabuncugroup.com/uploads/p/Aysel-Sabuncu-Yasam-Merkezi-ODTUANKARA_1.jpg
39.8878172520968,32.79183053968154,Faik Hızıroğlu Guest House,faik-hzroglu-guest-house,Buildings and Dormitories,en,https://files.catbox.moe/mc6u4u.jpg
39.8863601279593,32.776986122044,Faika Demiray Dormitory,faika-demiray-dormitory,Buildings and Dormitories,en,https://files.catbox.moe/stfbvc.jpg
39.88978473215636,32.79119753835403,Guest House,guest-house,Buildings and Dormitories,en,
39.8908466539959,32.7908971309444,Guesthouse,guesthouse,Buildings and Dormitories,en,https://files.catbox.moe/k25itl.jpg
39.889043846712,32.7769188880484,Guesthouse 1,guesthouse-1,Buildings and Dormitories,en,https://files.catbox.moe/8no84a.jpg
39.8881383091837,32.7771763801138,Guesthouse 2,guesthouse-2,Buildings and Dormitories,en,https://files.catbox.moe/ofmbbx.jpg
39.8880806836634,32.7763059139033,Guesthouse 3,guesthouse-3,Buildings and Dormitories,en,https://files.catbox.moe/iwve20.jpg
39.8876443745811,32.7761893271963,Guesthouse 4,guesthouse-4,Buildings and Dormitories,en,
39.88914,32.776787,Guesthouse for Research Assistants,guesthouse-for-research-assistants,Buildings and Dormitories,en,https://files.catbox.moe/8no84a.jpg
39.8892661131861,32.7913477420589,Guesthouse for Students 1 (Girls' Guesthouse),guesthouse-for-students-1-girls-guesthouse,Buildings and Dormitories,en,https://files.catbox.moe/xno3yb.jpg
39.8886816331361,32.7917768955012,Guesthouse for Students 2 (EBI Guest House),guesthouse-for-students-2-ebi-guest-house,Buildings and Dormitories,en,https://files.catbox.moe/4spqma.jpg
39.8919579499325,32.7903327941021,Housings Territory,housings-territory,Buildings and Dormitories,en,https://files.catbox.moe/7awvgh.jpg
39.8871833657412,32.7765998839459,İsa Demiray Dormitory,isa-demiray-dormitory,Buildings and Dormitories,en,https://files.catbox.moe/79iewj.jpg
39.890426826397686,32.77433180806838,ODTÜKENT,odtukent,Buildings and Dormitories,en,
39.889107,32.775731,ODTÜKENT Research Assistants Guest House - 20th,odtukent-research-assistants-guest-house-20th,Buildings and Dormitories,en,https://files.catbox.moe/bmryxm.jpg
39.8882453278785,32.7914121150752,Osman Yazıcı Guesthouse,osman-yazc-guesthouse,Buildings and Dormitories,en,
39.8885416864691,32.7888801097652,Parlar Foundation Dormitory - (METU Foundation Guest House),parlar-foundation-dormitory-metu-foundation-guest-house,Buildings and Dormitories,en,https://odtu101.com/wp-content/uploads/2021/08/4.png
39.88466422698,32.7771334647696,Refika Aksoy Dormitory,refika-aksoy-dormitory,Buildings and Dormitories,en,https://odtu101.com/wp-content/uploads/2021/08/Resim1-3.jpg
39.89334,32.78981,Housing No [ 1-3-5-7-9 ],housing-no-1-3-5-7-9,Housings,en,
39.89263,32.79038,Housing No [ 10-12 ],housing-no-10-12,Housings,en,
39.89116,32.77475,Housing No [ 1018-1021 ],housing-no-1018-1021,Housings,en,
39.89268,32.78998,Housing No [ 11-13 ],housing-no-11-13,Housings,en,
39.88982,32.77519,Housing No [ 1201-1206 ],housing-no-1201-1206,Housings,en,
39.89019,32.77493,Housing No [ 1207-1210 ],housing-no-1207-1210,Housings,en,
39.89046,32.77477,Housing No [ 1211-1213 ],housing-no-1211-1213,Housings,en,
39.89067,32.7746,Housing No [ 1214-1217 ],housing-no-1214-1217,Housings,en,
39.88929,32.77501,Housing No [ 1301-1306 ],housing-no-1301-1306,Housings,en,
39.8897,32.77479,Housing No [ 1307-1310 ],housing-no-1307-1310,Housings,en,
39.88999,32.77452,Housing No [ 1311-1314 ],housing-no-1311-1314,Housings,en,
39.89025,32.77443,Housing No [ 1315-1318 ],housing-no-1315-1318,Housings,en,
39.89233,32.79051,Housing No [ 14-16-18 ],housing-no-14-16-18,Housings,en,
39.88909,32.77465,Housing No [ 1401-1407 ],housing-no-1401-1407,Housings,en,
39.88949,32.77438,Housing No [ 1408-1411 ],housing-no-1408-1411,Housings,en,
39.88981,32.77427,Housing No [ 1412-1415 ],housing-no-1412-1415,Housings,en,
39.89222,32.79014,Housing No [ 15-17-19 ],housing-no-15-17-19,Housings,en,
39.8889,32.77425,Housing No [ 1501-1507 ],housing-no-1501-1507,Housings,en,
39.88933,32.77406,Housing No [ 1508-1511 ],housing-no-1508-1511,Housings,en,
39.88925,32.77353,Housing No [ 1601-1603 ],housing-no-1601-1603,Housings,en,
39.88968,32.7737,Housing No [ 1604-1605 ],housing-no-1604-1605,Housings,en,
39.89008,32.77384,Housing No [ 1606-1608 ],housing-no-1606-1608,Housings,en,
39.89051,32.77402,Housing No [ 1609-1610 ],housing-no-1609-1610,Housings,en,
39.8894,32.77317,Housing No [ 1611-1614 ],housing-no-1611-1614,Housings,en,
39.88978,32.77331,Housing No [ 1615-1619 ],housing-no-1615-1619,Housings,en,
39.89016,32.7735,Housing No [ 1620-1625 ],housing-no-1620-1625,Housings,en,
39.89058,32.7737,Housing No [ 1626-1629 ],housing-no-1626-1629,Housings,en,
39.89091,32.77348,Housing No [ 1701-1706 ],housing-no-1701-1706,Housings,en,
39.89112,32.77338,Housing No [ 1707-1712 ],housing-no-1707-1712,Housings,en,
39.89151,32.77342,Housing No [ 1713-1715 ],housing-no-1713-1715,Housings,en,
39.89166,32.77376,Housing No [ 1716-1718 ],housing-no-1716-1718,Housings,en,
39.89137,32.77389,Housing No [ 1719/A-1722/A ],housing-no-1719-a-1722-a,Housings,en,
39.89143,32.77428,Housing No [ 1801/A-1804/A ],housing-no-1801-a-1804-a,Housings,en,
39.89157,32.77454,Housing No [ 1805/A-1807/A ],housing-no-1805-a-1807-a,Housings,en,
39.89296,32.79025,Housing No [ 2-4-6-8 ],housing-no-2-4-6-8,Housings,en,
39.89198,32.7906,Housing No [ 20-22-24 ],housing-no-20-22-24,Housings,en,
39.89184,32.79021,Housing No [ 21-23-25-27 ],housing-no-21-23-25-27,Housings,en,
39.89164,32.79066,Housing No [ 26-28-30 ],housing-no-26-28-30,Housings,en,
39.88998,32.7756,Housing No [1011-1106],housing-no-1011-1106,Housings,en,
39.89088,32.77501,Housing No [1014-1017],housing-no-1014-1017,Housings,en,
39.89034,32.77536,Housing No [1107-1110],housing-no-1107-1110,Housings,en,
39.89059,32.77519,Housing No [1111-1113],housing-no-1111-1113,Housings,en,
39.89095,32.77209,Housing No 1901,housing-no-1901,Housings,en,
39.891,32.77144,Housing No 1902,housing-no-1902,Housings,en,
39.89062,32.7726,Housing No 1903,housing-no-1903,Housings,en,
39.89049,32.77192,Housing No 1904,housing-no-1904,Housings,en,
39.89057,32.77126,Housing No 1905,housing-no-1905,Housings,en,
39.89007,32.77175,Housing No 1906,housing-no-1906,Housings,en,
39.888436,32.775167,Housing No 1911,housing-no-1911,Housings,en,
39.89118,32.79042,Housing No 29,housing-no-29,Housings,en,
39.89128,32.79079,Housing No 31,housing-no-31,Housings,en,
39.89122,32.79119,Housing No 32,housing-no-32,Housings,en,
39.89091,32.79084,Housing No 33,housing-no-33,Housings,en,
39.89096,32.79122,Housing No 34,housing-no-34,Housings,en,
39.89058,32.7905,Housing No 35,housing-no-35,Housings,en,
39.89065,32.79124,Housing No 36,housing-no-36,Housings,en,
39.89056,32.79089,Housing No 37,housing-no-37,Housings,en,
39.88971,32.79105,Housing No 38,housing-no-38,Housings,en,
39.88991,32.79135,Housing No 39,housing-no-39,Housings,en,
39.8956045204033,32.7813577651978,Kindergarten,kindergarten,Kindergarten & College,en,https://files.catbox.moe/sm6mxd.jpg
39.9042221675159,32.7684645652334,METU High School,metu-high-school,Kindergarten & College,en,https://files.catbox.moe/9wzi4z.jpg
39.9028147748423,32.7697184085628,METU Primary School (METU College),metu-primary-school-metu-college,Kindergarten & College,en,https://cdn1.enokul.com/wp-content/uploads/2016/07/27151728/odtu-gelistirme-vakfi-okullari-3-ankara-ilkokul.jpg
39.8969503275317,32.7825436591229,Archaeological Museum,archaeological-museum,Museums,en,https://files.catbox.moe/1qoqfa.jpg
39.88609668978121,32.78122901916504,Geology Museum,geology-museum,Museums,en,https://geoe.metu.edu.tr/tr/system/files/new/00.jpg
39.906272,32.770052,Printing House,printing-house,Museums,en,
39.9013579695213,32.7712726593018,Science and Technology Museum,science-and-technology-museum,Museums,en,https://upload.wikimedia.org/wikipedia/commons/b/b4/ODT%C3%9C_Bilim_ve_Teknoloji_M%C3%BCzesi.jpg
39.892364,32.783649,Applied Ethics Research Center (UEAM),applied-ethics-research-center-ueam,Research Units,en,
39.90048140224231,32.77722716331482,Audio-Visual Systems Research and Production Center (GİSAM),audio-visual-systems-research-and-production-center-gisam,Research Units,en,https://gisam.metu.edu.tr/wp-content/uploads/2023/03/gisam_onkapi-scaled.jpg
39.890859,32.781764,Ayaslı Research Center,ayasl-research-center,Research Units,en,http://www.ayasligroup.com/views/templates/default/images/ayasli-research-center.jpg
39.89297044832231,32.77892231941223,Biltir Collision Laboratory,biltir-collision-laboratory,Research Units,en,https://www.nenerede.com.tr/wp-content/uploads/2017/06/ODT%C3%9C-B%C4%B0LT%C4%B0R-Merkezi.jpg
39.892811053752,32.7816542714208,Biomaterials and Tissue Engineering Application and Research Center (BİOMATEN),biomaterials-and-tissue-engineering-application-and-research-center-biomaten,Research Units,en,https://biomat.metu.edu.tr/sites/biomat.metu.edu.tr/files/slider/image/ekran_resmi_2022-01-03_16.19.17.png
39.894823,32.783957,Career Planning Application and Research Center (ODTÜKPM),career-planning-application-and-research-center-odtukpm,Research Units,en,https://ihm.metu.edu.tr/tr/system/files/IHM/NOBETCIAMIRLIGI/rektc3b6rlc3bck.jpg
39.892391,32.783234,Center for Advancing Learning and Teaching (ÖGEM),center-for-advancing-learning-and-teaching-ogem,Research Units,en,https://muhfd.metu.edu.tr/sites/muhfd.metu.edu.tr/files/es-eng.jpg
39.89885,32.778735,Center for Entrepreneurship Research and Applications (GİMER),center-for-entrepreneurship-research-and-applications-gimer,Research Units,en,https://feas.metu.edu.tr/sites/feas.metu.edu.tr/files/slider/image/7-7.jpg
39.890944,32.781821,Center for Image Analysis (OGAM),center-for-image-analysis-ogam,Research Units,en,http://www.ayasligroup.com/views/templates/default/images/ayasli-research-center.jpg
39.89696,32.782482,Center for Research and Assessment Of Historical Environment (TAÇDAM),center-for-research-and-assessment-of-historical-environment-tacdam,Research Units,en,https://www.kulturportali.gov.tr/repoKulturPortali/large/SehirRehberi//GezilecekYer/20200321152203559_ODTU%20Arkeoloji%20Muzesi.jpg?format=jpg&quality=50
39.900686,32.776554,Center for Science Technology Engineering and Mathematics Education (BİLTEMM),center-for-science-technology-engineering-and-mathematics-education-biltemm,Research Units,en,https://fim.metu.edu.tr/sites/fim.metu.edu.tr/files/gallery/1_0.jpg
39.894572,32.77843,Center for Solar Energy Research and Applications (GÜNAM),center-for-solar-energy-research-and-applications-gunam,Research Units,en,https://odtugunam.org/wp-content/uploads/Hakkinda_1.webp
39.883157,32.777148,Center for Wind Energy (RÜZGEM),center-for-wind-energy-ruzgem,Research Units,en,https://files.catbox.moe/7av749.jpg
39.8900563881463,32.7818888425827,Central Laboratory,turkish-language,Research Units,en,https://files.catbox.moe/of2mzz.jpg
39.8958103030213,32.780140042305,Central Laboratory Molecular Biology and Biotechnology R&D Center,central-laboratory-molecular-biology-and-biotechnology-r-d-center,Research Units,en,https://bio.metu.edu.tr/en/system/files/bolum-large.jpg
39.898937,32.778858,Centre for Black Sea and Central Asia (KORA),centre-for-black-sea-and-central-asia-kora,Research Units,en,https://feas.metu.edu.tr/sites/feas.metu.edu.tr/files/slider/image/7-7.jpg
39.88853345430337,32.783825397491455,Civil Engineering Hydromechanics Laboratory,civil-engineering-hydromechanics-laboratory,Research Units,en,https://files.catbox.moe/2pig8a.jpg
39.886613,32.783802,Coastal and Ocean Engineering Laboratory,coastal-and-ocean-engineering-laboratory,Research Units,en,https://files.catbox.moe/2pig8a.jpg
39.893727754414,32.7788579463959,"Computer Aided Design, Manufacturing and Robotics Research and Application Center (BİLTİR)",computer-aided-design-manufacturing-and-robotics-research-and-application-center-biltir,Research Units,en,https://www.nenerede.com.tr/wp-content/uploads/2017/06/ODT%C3%9C-B%C4%B0LT%C4%B0R-Merkezi.jpg
39.8921,32.777932,Confucius Institute (KONFÜÇYUS),confucius-institute-konfucyus,Research Units,en,https://ii.metu.edu.tr/sites/ii.metu.edu.tr/files/styles/slider_image/public/slider/standard_image/img_5768_0.png?itok=uIwIqtUP
39.8982467222516,32.7755212783813,Continuing Education Center,continuing-education-center,Research Units,en,https://files.catbox.moe/kkfwpo.jpg
39.8936001653868,32.777983546257,Cryptology Laboratory,cryptology-laboratory,Research Units,en,https://files.catbox.moe/a3u97v.jpg
39.906013,32.767885,Design and Prototyping Application and Research Center (METU Design Factory),design-and-prototyping-application-and-research-center-metu-design-factory,Research Units,en,https://bilimgenc.tubitak.gov.tr/sites/default/files/styles/bp-770px-custom_user_desktop_1x/public/tasarim_fabrikasi.png?itok=uWTCNjwe
39.889534,32.783912,Disaster Management Implementation and Research Center (AFET),disaster-management-implementation-and-research-center-afet,Research Units,en,https://files.catbox.moe/2pig8a.jpg
39.890859,32.781764,E-Government Research and Application Center (EDMER),ayasl-research-center,Research Units,en,http://www.ayasligroup.com/views/templates/default/images/ayasli-research-center.jpg
39.885042926946426,32.78148114681244,High Radiation Building,high-radiation-building,Research Units,en,
39.89213904830382,32.782312631607056,High Voltage Laboratory,high-voltage-laboratory,Research Units,en,https://eee.metu.edu.tr/sites/eee.metu.edu.tr/files/images/lab_hv.jpg
39.89133233369569,32.78322994709015,Human Computer Interaction Research and Application Laboratory,human-computer-interaction-research-and-application-laboratory,Research Units,en,https://coordinators.metu.edu.tr/sites/coordinators.metu.edu.tr/files/slider/image/picture1.jpg
39.90859,32.750469,ICT Innovation Experience Center,ict-innovation-experience-center,Research Units,en,https://yapidergisi.com/wp-content/uploads/2020/03/094-Large.jpg
39.896872,32.778288,Knowledge Transfer Office,knowledge-transfer-office,Research Units,en,https://www.odtuzgarage.com/wp-content/uploads/z-garage-3.jpg
39.8861296196088,32.7795445919037,METU-PAL LPG Building,metu-pal-lpg-building,Research Units,en,https://pal.metu.edu.tr/sites/pal.metu.edu.tr/files/slider/image/pal_bina_0.jpg
39.911042,32.750984,Micro-Electro-Mechanical Systems Research and Application Center (MEMS),micro-electro-mechanical-systems-research-and-application-center-mems,Research Units,en,https://www.nenerede.com.tr/wp-content/uploads/2017/06/ODT%C3%9C-MEMS-Adres.jpg
39.88397679884642,32.77514040470123,Microbiology Laboratory,microbiology-laboratory,Research Units,en,
39.886817026149,32.7793246507645,Petroleum Research Centre (PAL),petroleum-research-centre-pal,Research Units,en,https://pal.metu.edu.tr/sites/pal.metu.edu.tr/files/slider/image/pal_bina_0.jpg
39.89133233369569,32.78162062168121,Process Control Laboratory,process-control-laboratory,Research Units,en,
39.8972589951656,32.7779996395111,Research and Application Center for The Built Environment (YTM-MATPUM),research-and-application-center-for-the-built-environment-ytm-matpum,Research Units,en,https://www.odtuzgarage.com/wp-content/uploads/z-garage-3.jpg
39.895397,32.777662,Research Park,research-park,Research Units,en,https://files.catbox.moe/mz4hb7.jpg
39.901692,32.771201,Society and Science Application and Research Center (TBM),society-and-science-application-and-research-center-tbm,Research Units,en,https://tbm.metu.edu.tr/wp-content/uploads/2019/09/DSC_0343.jpg
39.8944192004944,32.7778494358063,Turkish Armed Forces Modeling and Simulation R&D Center (TSK-MODSİMMER),turkish-armed-forces-modeling-and-simulation-r-d-center-tsk-modsimmer,Research Units,en,https://modsim.metu.edu.tr/sites/modsim.metu.edu.tr/files/slider/image/1.jpg
39.8886075437598,32.7799844741821,TÜBİTAK - SAGE Defense Industry Control Laboratory,tubitak-sage-defense-industry-control-laboratory,Research Units,en,
39.8909783640851,32.7787292003632,TÜBİTAK Space Technologies Research Institute (UZAY),tubitak-space-technologies-research-institute-uzay,Research Units,en,https://files.catbox.moe/hehz0w.jpg
39.887199830395986,32.78378248214722,Water Resources Laboratory,water-resources-laboratory,Research Units,en,
39.9053332465743,32.7707898616791,Welding Technology and Non-Destructive Testing Research Center (KTTMM),welding-technology-and-non-destructive-testing-research-center-kttmm,Research Units,en,
39.8908836974841,32.7887184619794,Medical Center,medical-center,Health Units,en,https://files.catbox.moe/7839z1.jpg
39.8919826451931,32.7883007526179,Ortadoğu Pharmacy,ortadogu-pharmacy,Health Units,en,https://files.catbox.moe/s4x48f.jpg
39.89271526721103,32.78827929494582,Özge Pharmacy,ozge-pharmacy,Health Units,en,https://files.catbox.moe/dcoygv.jpg
39.8907067117489,32.7882792949458,Physical Therapy and Emergency,physical-therapy-and-emergency,Health Units,en,
39.8957444526508,32.7822282314082,Psychological Counseling Center Department of Maths Unit,psychological-counseling-center-department-of-maths-unit,Health Units,en,https://fef.metu.edu.tr/system/files/images/matematik.jpg
39.8999752103964,32.7783443927547,Psychological Counseling Center Preparatory School Unit,psychological-counseling-center-preparatory-school-unit,Health Units,en,https://files.catbox.moe/6tdwt1.jpg
39.90750597132854,32.78409504888259,A1 Gate,a1-gate,Campus Gates,en,https://adayogrenci.metu.edu.tr/sites/default/files/images/header.jpg
39.907761,32.767448,A2 Exit Gate,a2-exit-gate,Campus Gates,en,
39.8910359871695,32.79377245900832,A4 Gate,a4-gate,Campus Gates,en,https://files.catbox.moe/0eairw.jpg
39.901236,32.769251,A7 Gate,a7-gate,Campus Gates,en,
39.900183,32.774455,A8 Gate,a8-gate,Campus Gates,en,
39.890861,32.767112,A9 Gate,a9-gate,Campus Gates,en,
39.906965,32.765994,Bilkent Subway Stop,bilkent-subway-stop,Campus Gates,en,https://files.catbox.moe/crvngb.jpg
39.899022,32.769391,METU Technopolis Entrance,metu-technopolis-entrance,Campus Gates,en,
39.8907190596057,32.7884012460709,1st Dormitory Parking Lot,1st-dormitory-parking-lot,Parking Lots,en,
39.8904823919627,32.7889940142632,2nd Dormitory Parking Lot,2nd-dormitory-parking-lot,Parking Lots,en,
39.8897271080201,32.7883207798004,3rd Dormitory Parking Lot,3rd-dormitory-parking-lot,Parking Lots,en,
39.8887310260091,32.7891093492508,6th Dormitory Parking Lot,6th-dormitory-parking-lot,Parking Lots,en,
39.8893813621852,32.7890825271606,7th Dormitory Parking Lot,7th-dormitory-parking-lot,Parking Lots,en,
39.8890561948684,32.7881813049316,8th Dormitory Parking Lot,8th-dormitory-parking-lot,Parking Lots,en,
39.90726730417519,32.78387904167175,A1 Gate Parking Lot,a1-gate-parking-lot,Parking Lots,en,
39.907036,32.766301,A2 Gate Parking Lot,a2-gate-parking-lot,Parking Lots,en,
39.89146198489803,32.793540358543396,A4 Gate Parking Lot,a4-gate-parking-lot,Parking Lots,en,
39.89309392271253,32.77269959449768,Aselsan Parking Lot,aselsan-parking-lot,Parking Lots,en,
39.891735692186536,32.788578271865845,Bank Territory Parking Lot,bank-territory-parking-lot,Parking Lots,en,
39.889825892224,32.785912156105,Baraka Gymnasium Parking Lot,baraka-gymnasium-parking-lot,Parking Lots,en,
39.89357135492846,32.77914762496948,BILTIR Parking Lot,biltir-parking-lot,Parking Lots,en,
39.892949869235636,32.784088253974915,Cafeteria Parking Lot,cafeteria-parking-lot,Parking Lots,en,
39.889830008229445,32.78226435184479,Central Laboratory Parking Lot,central-laboratory-parking-lot,Parking Lots,en,
39.8914763905721,32.7836644649506,Computer Center Parking Lot,computer-center-parking-lot,Parking Lots,en,
39.8981849897258,32.77571976184845,Continuing Education Center Parking Lot,continuing-education-center-parking-lot,Parking Lots,en,
39.89408582557643,32.787081599235535,Cultural and Convention Center Parking Lot,cultural-and-convention-center-parking-lot,Parking Lots,en,
39.884540737397,32.7777743339539,Department of Aerospace Engineering Hangar Building Parking Lot,aerospace-engineering-hangar-building-parking-lot,Parking Lots,en,
39.88495236844708,32.77801036834717,Department of Aerospace Engineering Parking Lot,aerospace-engineering-parking-lot,Parking Lots,en,
39.885331066830425,32.77876675128937,Department of Aerospace Engineering Parking Lot-2,aerospace-engineering-parking-lot-2,Parking Lots,en,
39.89993817182188,32.779598236083984,Department of Basic English Parking Lot,basic-english-parking-lot,Parking Lots,en,
39.8958596907577,32.7797162532806,Department of Biological Sciences Parking Lot,biological-sciences-parking-lot,Parking Lots,en,
39.88781313597053,32.782098054885864,Department of Chemical Engineering Parking Lot,chemical-engineering-parking-lot,Parking Lots,en,
39.888311185453794,32.781803011894226,Department of Chemical Engineering Parking Lot-2,chemical-engineering-parking-lot-2,Parking Lots,en,
39.889813544206326,32.783841490745544,Department of Civil Engineering Parking Lot,civil-engineering-parking-lot,Parking Lots,en,
39.89022925957942,32.78411507606506,Department of Civil Engineering Parking Lot-2,civil-engineering-parking-lot-2,Parking Lots,en,
39.89097836408508,32.78399705886841,Department of Civil Engineering Parking Lot-3,civil-engineering-parking-lot-3,Parking Lots,en,
39.90157608076404,32.77341842651367,Department of Computer Education and Instructional Technology Parking Lot,computer-education-and-instructional-technology-parking-lot,Parking Lots,en,
39.90194645675551,32.772619128227234,Department of Computer Education and Instructional Technology Parking Lot-2,computer-education-and-instructional-technology-parking-lot-2,Parking Lots,en,
39.89037331877398,32.78201758861542,Department of Electrical and Electronics Engineering Parking Lot,electrical-and-electronics-engineering-parking-lot,Parking Lots,en,
39.8910318712365,32.7817815542221,Department of Electrical and Electronics Engineering Parking Lot-2,electrical-and-electronics-engineering-parking-lot-2,Parking Lots,en,
39.88721423696569,32.77903765439987,Department of Food Engineering Parking Lot,food-engineering-parking-lot,Parking Lots,en,
39.888084799773594,32.77899205684662,Department of Food Engineering Parking Lot-2,food-engineering-parking-lot-2,Parking Lots,en,
39.8866276813227,32.7815186977386,Department of Geological Engineering Parking Lot,geological-engineering-parking-lot,Parking Lots,en,
39.8922337131711,32.7820175886154,Department of Industrial Engineering Parking Lot,industrial-engineering-parking-lot,Parking Lots,en,
39.89566213959865,32.78189420700073,Department of Mathematics Parking Lot,mathematics-parking-lot,Parking Lots,en,
39.8890520788165,32.7818137407303,Department of Mechanical Engineering Parking Lot-1,mechanical-engineering-parking-lot-1,Parking Lots,en,
39.88876395457138,32.782548666000366,Department of Mechanical Engineering Parking Lot-2,mechanical-engineering-parking-lot-2,Parking Lots,en,
39.889834124234596,32.78070867061615,Department of Mechanical Engineering Parking Lot-3,mechanical-engineering-parking-lot-3,Parking Lots,en,
39.88939782631215,32.779844999313354,Department of Mechanical Engineering Parking Lot-4,mechanical-engineering-parking-lot-4,Parking Lots,en,
39.8862695711997,32.7830636501312,Department of Metallurgical and Materials Engineering Parking Lot,metallurgical-and-materials-engineering-parking-lot,Parking Lots,en,
39.885590391690634,32.78051555156708,Department of Mining Engineering Parking Lot,mining-engineering-parking-lot,Parking Lots,en,
39.88668119187008,32.778326869010925,Department of Petroleum and Natural Gas Engineering Parking Lot,petroleum-and-natural-gas-engineering-parking-lot,Parking Lots,en,
39.88695491824769,32.779598236083984,Department of Petroleum and Natural Gas Engineering Parking Lot-2,petroleum-and-natural-gas-engineering-parking-lot-2,Parking Lots,en,
39.89362897583306,32.782055139541626,Department of Physics Parking Lot,physics-parking-lot,Parking Lots,en,
39.89315977562966,32.78171181678772,Department of Statistics Parking Lot,statistics-parking-lot,Parking Lots,en,
39.9026995484309,32.7713477611542,Directorate of Construction & Technical Works Parking Lot,directorate-of-construction-technical-works-parking-lot,Parking Lots,en,
39.889776500139845,32.789538502693176,Dormitory Territory Parking Lot,dormitory-territory-parking-lot,Parking Lots,en,
39.8882823727724,32.7918183803558,EBI Guesthouse Parking Lot,ebi-guesthouse-parking-lot,Parking Lots,en,
39.89208142614667,32.78353035449982,Engineering Sciences Parking Lot,engineering-sciences-parking-lot,Parking Lots,en,
39.89240657911314,32.78377175331116,Engineering Sciences Parking Lot-2,engineering-sciences-parking-lot-2,Parking Lots,en,
39.897456541721645,32.78092324733734,Faculty of Architecture Parking Lot,architecture-parking-lot,Parking Lots,en,
39.897983329753956,32.78194785118103,Faculty of Architecture Parking Lot-2,architecture-parking-lot-2,Parking Lots,en,
39.89867884837515,32.78247356414795,Faculty of Economic and Administrative Sciences Parking Lot,economic-and-administrative-sciences-parking-lot,Parking Lots,en,
39.898057408996245,32.78229117393494,Faculty of Economic and Administrative Sciences Parking Lot-2,economic-and-administrative-sciences-parking-lot-2,Parking Lots,en,
39.89850599825271,32.778101563453674,Faculty of Economic and Administrative Sciences-2 Parking Lot,economic-and-administrative-sciences-2-parking-lot,Parking Lots,en,
39.90088059154865,32.77649760246277,Faculty of Education Parking Lot,education-parking-lot,Parking Lots,en,
39.88589911048339,32.7772057056427,Faika Demiray Dormitory Parking Lot,faika-demiray-dormitory-parking-lot,Parking Lots,en,
39.900131595268306,32.7770072221756,GISAM Parking Lot,gisam-parking-lot,Parking Lots,en,
39.88997406826306,32.79086351394653,Guesthouse Parking Lot,guesthouse-parking-lot,Parking Lots,en,
39.889539829242686,32.79101371765137,Guesthouse Parking Lot,guesthouse-parking-lot-2,Parking Lots,en,
39.89175009780303,32.78786480426788,Gymnasium Parking Lot,gymnasium-parking-lot,Parking Lots,en,
39.892402463262464,32.77667999267578,Gymnasium Parking Lot,gymnasium-parking-lot-2,Parking Lots,en,
39.89759647018768,32.776599526405334,Halıcı Building Parking Lot,halc-building-parking-lot,Parking Lots,en,
39.89299514321816,32.771809101104736,Havelsan Parking Lot,havelsan-parking-lot,Parking Lots,en,
39.8909042771911,32.790225148201,Housings Territory Parking Lot-1,housings-territory-parking-lot-1,Parking Lots,en,
39.8915648825031,32.789860367775,Housings Territory Parking Lot-2,housings-territory-parking-lot-2,Parking Lots,en,
39.8915895779054,32.7898254990578,Housings Territory Parking Lot-3,housings-territory-parking-lot-3,Parking Lots,en,
39.8929498692356,32.7896511554718,Housings Territory Parking Lot-4,housings-territory-parking-lot-4,Parking Lots,en,
39.896081935131,32.781572341918945,Human Sciences Parking Lot,human-sciences-parking-lot,Parking Lots,en,
39.88859931160189,32.784093618392944,Hydromechanics Lab. Parking Lot,hydromechanics-lab-parking-lot,Parking Lots,en,
39.8923160303407,32.7775919437408,Informatics Institute Parking Lot,informatics-institute-parking-lot,Parking Lots,en,
39.88751265808602,32.77649760246277,İsa Demiray Dormitory Parking Lot,isa-demiray-dormitory-parking-lot,Parking Lots,en,
39.898752926865576,32.77647078037262,KOSGEB Technology Center Parking Lot,kosgeb-technology-center-parking-lot,Parking Lots,en,
39.89873234951516,32.77515113353729,KOSGEB Technology Center Parking Lot-2,kosgeb-technology-center-parking-lot-2,Parking Lots,en,
39.89368248091538,32.77749001979828,Kriptoloji Parking Lot,kriptoloji-parking-lot,Parking Lots,en,
39.896921518481555,32.78316020965576,Library Parking Lot,library-parking-lot,Parking Lots,en,
39.890842538051544,32.78913080692291,Medical Center Parking Lot,medical-center-parking-lot,Parking Lots,en,
39.88559656608011,32.78393268585205,Mescit Parking Lot,mescit-parking-lot,Parking Lots,en,
39.9047653639734,32.7676624059677,METU High School Parking Lot,metu-high-school-parking-lot,Parking Lots,en,
39.89621363516025,32.78112173080444,METU Kindergarden Parking Lot,metu-kindergarden-parking-lot,Parking Lots,en,
39.901921765085,32.7692824602127,METU Primary School Parking Lot,metu-primary-school-parking-lot,Parking Lots,en,
39.9036789667517,32.7692288160324,METU Primary School Parking Lot-2,metu-primary-school-parking-lot-2,Parking Lots,en,
39.89719314618698,32.775805592536926,METU Twins Parking Lot,metu-twins-parking-lot,Parking Lots,en,
39.8966581208906,32.77666926383972,METU Twins Parking Lot-2,metu-twins-parking-lot-2,Parking Lots,en,
39.89605724134733,32.77590751647949,METU Twins Parking Lot-3,metu-twins-parking-lot-3,Parking Lots,en,
39.889418406465246,32.77663171291351,ODTÜ Kent Guest House-1 Parking Lot,odtu-kent-guest-house-1-parking-lot,Parking Lots,en,
39.887938677710274,32.777449786663055,ODTÜ Kent Guest House-2 Parking Lot,odtu-kent-guest-house-2-parking-lot,Parking Lots,en,
39.89032804305973,32.7751350402832,ODTÜ Kent Parking Lot,odtu-kent-parking-lot,Parking Lots,en,
39.88869192332088,32.78864532709122,Parlar Foundation Dormitory Parking Lot,parlar-foundation-dormitory-parking-lot,Parking Lots,en,
39.89744831062653,32.77474880218506,Platinum Building-1 Parking Lot,platinum-building-1-parking-lot,Parking Lots,en,
39.89643587838578,32.77446985244751,Platinum Building-2 Parking Lot,platinum-building-2-parking-lot,Parking Lots,en,
39.894629102388535,32.784463763237,Presidency Parking Lot,presidency-parking-lot,Parking Lots,en,
39.89999167197871,32.77879357337952,Psychological Counseling Center Parking Lot,psychological-counseling-center-parking-lot,Parking Lots,en,
39.884194965405165,32.77690529823303,Refika Aksoy Dormitory Parking Lot,refika-aksoy-dormitory-parking-lot,Parking Lots,en,
39.89761704787918,32.77849853038788,Research and Implementation Centre for Built Environment and Design Parking Lot,research-and-implementation-centre-for-built-environment-and-design-parking-lot,Parking Lots,en,
39.889436,32.776792,Research Assistant's Housing Parking Lot,research-assistant-s-housing-parking-lot,Parking Lots,en,
39.889436,32.776792,Research Assistant's Housing Parking Lot-2,research-assistant-s-housing-parking-lot,Parking Lots,en,
39.88869809743103,32.79075622558594,Sami Kırdar Dormitory Parking Lot,sami-krdar-dormitory-parking-lot,Parking Lots,en,
39.90051020979589,32.781572341918945,School of Foreign Languages Parking Lot,school-of-foreign-languages-parking-lot,Parking Lots,en,
39.892196670412524,32.78921663761139,Shopping Center Parking Lot,shopping-center-parking-lot,Parking Lots,en,
39.899868210015306,32.77517795562744,Silver Building-1 Parking Lot,silver-building-1-parking-lot,Parking Lots,en,
39.898971046400185,32.773622274398804,Silver Building-2 Parking Lot,silver-building-2-parking-lot,Parking Lots,en,
39.894629102388535,32.78488218784332,Social Building Parking Lot,social-building-parking-lot,Parking Lots,en,
39.88952953918514,32.78674900531769,Swimming Pool Parking Lot,swimming-pool-parking-lot,Parking Lots,en,
39.893744217496945,32.77137994766235,TAI Parking Lot,tai-parking-lot,Parking Lots,en,
39.89312479127531,32.78904229402542,Tennis Courts Parking Lot,tennis-courts-parking-lot,Parking Lots,en,
39.89125824718426,32.778106927871704,Tubitak Space Parking Lot,tubitak-space-parking-lot,Parking Lots,en,
39.888709,32.774068,1501-1511 Residence Entrance,1501-1511-residence-entrance,Transportation Points,en,
39.89109,32.77293,1707-1712 Residence Entrance,1707-1712-residence-entrance,Transportation Points,en,
39.891902,32.774486,1801-1807 Residence Entrance,1801-1807-residence-entrance,Transportation Points,en,
39.90748539660669,32.784292101860046,A1 Gate Bus Stop,a1-gate-bus-stop,Transportation Points,en,
39.907151,32.766113,A2 Metro Gate Bus Stop,a2-metro-gate-bus-stop,Transportation Points,en,
39.884755,32.777719,Aerospace Engineering Bus Stop,aerospace-engineering-bus-stop,Transportation Points,en,
39.892054,32.787592,Big Sports Hall Bus Stop,big-sports-hall-bus-stop,Transportation Points,en,
39.893431,32.78575,Cultural and Convention center Bus Stop,cultural-and-convention-center-bus-stop,Transportation Points,en,
39.8873315474921,32.7825869321714,Department of Chemical Engineering Bus Stop,chemical-engineering-bus-stop,Transportation Points,en,
39.890776,32.784142,Department of Civil Engineering Bus Stop,civil-engineering-bus-stop,Transportation Points,en,
39.891859168801055,32.78122901916504,Department of Industrial Engineering Bus Stop,industrial-engineering-bus-stop,Transportation Points,en,
39.88952953918514,32.78152942657471,Department of Mechanical Engineering Bus Stop,mechanical-engineering-bus-stop,Transportation Points,en,
39.89456736660404,32.781078815460205,Department of Physics Bus Stop,physics-bus-stop,Transportation Points,en,
39.8892825773407,32.7906396388789,East Dormitory Territory Bus Stop,east-dormitory-territory-bus-stop,Transportation Points,en,
39.89812325714438,32.780799865722656,Faculty of Architecture Bus Stop,architecture-bus-stop,Transportation Points,en,
39.8983125702178,32.7769542932401,Faculty of Economic and Administrative Sciences Bus Stop,economic-and-administrative-sciences-bus-stop,Transportation Points,en,
39.8999999027684,32.7761871814619,Faculty of Education Bus Stop,education-bus-stop,Transportation Points,en,
39.887786,32.779361,Food Engineering Bus Stop,food-engineering-bus-stop,Transportation Points,en,
39.904115,32.769847,Garages Bus Stop,garages-bus-stop,Transportation Points,en,
39.886823,32.781413,Geological Engineering Bus Stop,geological-engineering-bus-stop,Transportation Points,en,
39.892402,32.777244,Informatic Institute Bus Stop,informatic-institute-bus-stop,Transportation Points,en,
39.89881054341389,32.78375566005707,Library Bus Stop,library-bus-stop,Transportation Points,en,
39.890427,32.775698,Market Bus Stop,market-bus-stop,Transportation Points,en,
39.908013,32.784062,ODTÜ Subway Stop,odtu-subway-stop,Transportation Points,en,
39.889654,32.777272,ODTÜKENT Bus Stop,odtukent-bus-stop,Transportation Points,en,
39.892211,32.789188,Post Office Bus Stop,post-office-bus-stop,Transportation Points,en,
39.89614778517727,32.7842116355896,Presidency Bus Stop,presidency-bus-stop,Transportation Points,en,
39.9013867767064,32.7728612422834,Science and Technology Museum Bus Stop,science-and-technology-museum-bus-stop,Transportation Points,en,
39.8997673825802,32.7760097980445,Technopolis Bus Stop,technopolis-bus-stop,Transportation Points,en,
39.887649,32.777873,West Dormitories Territory Bus Stop,west-dormitories-territory-bus-stop,Transportation Points,en,
39.8903980146055,32.7878226041685,1st Dormitory PC Room,1st-dormitory-pc-room,PC Laboratories,en,
39.8902004477042,32.7893085479627,2nd Dormitory PC Rooms 1-2-3,2nd-dormitory-pc-rooms-1-2-3,PC Laboratories,en,
39.8864095225049,32.7773480414908,Faika Demiray Dormitory PC Room,faika-demiray-dormitory-pc-room,PC Laboratories,en,
39.887199830396,32.7770690917532,İsa Demiray Dormitory PC Room,isa-demiray-dormitory-pc-room,PC Laboratories,en,
39.884730088,32.7768759727041,Refika Aksoy Dormitory PC Room,refika-aksoy-dormitory-pc-room,PC Laboratories,en,
39.8956991804843,32.7824420928846,Social Sciences Building PC Room,social-sciences-building-pc-room,PC Laboratories,en,
39.893517,32.784147,Cafeteria - Balance Update Terminal,cafeteria-balance-update-terminal,Kiosks,en,
39.893809,32.783717,Cafeteria - Balance Update Terminal,cafeteria-balance-update-terminal-2,Kiosks,en,
39.893674249367,32.7837556600571,Cafeteria Lower Floor - Kiosk,cafeteria-lower-floor-kiosk,Kiosks,en,
39.893801,32.783637,Cafeteria Upper Floor - Kiosk,cafeteria-upper-floor-kiosk,Kiosks,en,
39.8915216655278,32.7833440303584,Computer Center's Kiosks,computer-center-building-classrooms-bmb-g102,Kiosks,en,
39.89426,32.78632,Faculty Club (CCC) - Balance Update Terminal,faculty-club-ccc-balance-update-terminal,Kiosks,en,
39.89433,32.78633,Faculty Club (CCC) - Kiosk,faculty-club-ccc-kiosk,Kiosks,en,
39.8960942820195,32.7831126451383,Library's Kiosks,library-s-kiosks,Kiosks,en,
39.8947237638168,32.7840936183929,Registrars' Office' Kiosk,registrars-office,Kiosks,en,
39.894749,32.784985,Social Building - Balance Update Terminal,social-building-balance-update-terminal,Kiosks,en,
39.894765,32.78495,Social Building Upper Floor - Kiosk,social-building-upper-floor-kiosk,Kiosks,en,
39.905746,32.769473,Workshop Dining Hall - Kiosk,workshop-dining-hall-kiosk,Kiosks,en,
39.89338202875796,32.77360224721633,Aselsan,aselsan,METU Technopolis,en,https://lh3.googleusercontent.com/proxy/5kNBUlZzabZigf2vsveWIjFnY_mtDUdZQBoDL7DEvfR8d1X6Cvp0w1xDDdpE7N5McKuJYGyQogQm3V4qLpLfGs4PneRYTIZOy2oK6oUQwnh_9Q
39.897865,32.775233,Common Health and Safety Unit,common-health-and-safety-unit,METU Technopolis,en,
39.893636,32.772074,Defence Technologies Zone,defence-technologies-zone,METU Technopolis,en,
39.8976540877083,32.7739119529724,Gallium Block,gallium-block,METU Technopolis,en,https://www.mimarizm.com/Files/IlkYapi/2010/5/7/123038/123038.jpg
39.8975553147862,32.7758431434631,Halıcı Softwarehouse,halc-softwarehouse,METU Technopolis,en,
39.89346434454854,32.77262592313491,Havelsan R & D,havelsan-r-d,METU Technopolis,en,https://files.catbox.moe/wntnrt.jpg
39.899284,32.772835,Incubation Centers YFYI Zone 1,incubation-centers-yfyi-zone-1,METU Technopolis,en,
39.898047,32.776128,Incubation Centers YFYI Zone 2,incubation-centers-yfyi-zone-2,METU Technopolis,en,
39.898679,32.774672,Incubation Centers YFYI Zone 3,incubation-centers-yfyi-zone-3,METU Technopolis,en,
39.8987076566865,32.7759504318237,KOSGEB Technology Center,kosgeb-technology-center,METU Technopolis,en,
39.8967486639267,32.7735257148743,Milsoft R&D Building,milsoft-r-d-building,METU Technopolis,en,
39.8999752103964,32.77348279953,Silicon Block,silicon-block,METU Technopolis,en,https://www.eda-ltd.com.tr/wp-content/uploads/2011/06/silicon_block-e1541061006219.png
39.8995883620748,32.7752959728241,Silver Blocks,silver-blocks,METU Technopolis,en,https://lh6.googleusercontent.com/proxy/n4ZiQLEqZ0vrcM6i9ABRNqQsSQAF3cD252LrtcMg47-hVySztN8l98NQ-pVMmuwt-n15uhJvzsn5Tg7jbWwkqRaUnWasX1A1WHdpEYOoaQhbkk_kLctZ
39.894106404322024,32.771982192971336,TAI A Block,tai-a-block,METU Technopolis,en,
39.894594,32.772137,TAI B Block,tai-b-block,METU Technopolis,en,
39.895647,32.771837,Titanyum Block,titanyum-block,METU Technopolis,en,https://www.tecemimarlik.com/wp-content/uploads/2021/09/titanyum.jpg
39.896217,32.771621,Titanyum C Block,titanyum-c-block,METU Technopolis,en,https://www.tecemimarlik.com/wp-content/uploads/2021/09/titanyum.jpg
39.892654,32.769692,Treatment Plant,treatment-plant,METU Technopolis,en,
39.897692,32.770712,Türk Telekom R&D Building,turk-telekom-r-d-building,METU Technopolis,en,
39.8965840401357,32.7758002281189,Twins Building,twins-building,METU Technopolis,en,https://www.tektonika.com.tr/panel/assets/images/project/detail/1a29.jpg
39.897413,32.778094,Z-Garage,z-garage,METU Technopolis,en,https://www.odtuzgarage.com/wp-content/uploads/z-garage-3.jpg
39.892134,32.787791,Akbank,akbank,Banks,en,https://files.catbox.moe/0zwa41.jpg
39.8915710563545,32.7895452976009,İş Bankası,is-bankas,Banks,en,https://files.catbox.moe/y4magl.jpg
39.89243950590983,32.78815984725952,Vakıf Bank,vakf-bank,Banks,en,https://files.catbox.moe/myey01.jpg
39.892071,32.788094,Ziraat Bank,ziraat-bank,Banks,en,https://photos.wikimapia.org/p/00/01/76/69/66_big.jpg
39.889924,32.785955,Baraka Gymnasium İş Bank ATM,baraka-gymnasium-is-bank-atm,ATMs,en,
39.8946908381174,32.7845556735883,Cafeteria Is Bank ATM,cafeteria-is-bank-atm,ATMs,en,
39.887317,32.777828,Dormitory Territory İş Bank ATM,dormitory-territory-is-bank-atm,ATMs,en,
39.8925177069885,32.7878286838313,"İş Bank, HSBC Bank, Garanti Bank, ING Bank, Finansbank, Halkbankasi ATMs",is-bank-hsbc-bank-garanti-bank-ing-bank-finansbank-halkbankasi-atms,ATMs,en,
39.891639,32.789485,İşbank ATM (next to the Post Office ),isbank-atm-next-to-the-post-office,ATMs,en,
39.9043127005578,32.7694441079984,"METU High School Akbank, İş Bankası ATM",metu-high-school-akbank-is-bankas-atm,ATMs,en,
39.89900397004321,32.77525305747986,"Teknokent Is Bank, Garanti Bank ATM",teknokent-is-bank-garanti-bank-atm,ATMs,en,
39.887402422176,32.781777621053315,Yüksel Proje Lecture Hall İş Bank ATM,yuksel-proje-lecture-hall-is-bank-atm,ATMs,en,
39.893796,32.784123,Cafeteria - Netmatik,cafeteria-netmatik,Netmatik,en,
39.8946908381174,32.7845556735883,Cafeteria Is Bank ATM/Netmatik,cafeteria-is-bank-atm,Netmatik,en,
39.887317,32.777828,Dormitory Territory İş Bank ATM/Netmatik,dormitory-territory-is-bank-atm,Netmatik,en,
39.891639,32.789485,İşbank ATM/Netmatik (next to the Post Office ),isbank-atm-next-to-the-post-office,Netmatik,en,
39.9043127005578,32.7694441079984,METU High School İş Bankası ATM/Netmatik,metu-high-school-akbank-is-bankas-atm,Netmatik,en,
39.8925177069885,32.7878286838313,Shopping Center İş Bankası ATM/Netmatik,is-bank-hsbc-bank-garanti-bank-ing-bank-finansbank-halkbankasi-atms,Netmatik,en,
39.89900397004321,32.77525305747986,Teknokent Is Bank ATM/Netmatik,teknokent-is-bank-garanti-bank-atm,Netmatik,en,
39.887402422176,32.781777621053315,Yüksel Proje Lecture Hall İş Bank ATM/Netmatik,yuksel-proje-lecture-hall-is-bank-atm,Netmatik,en,
39.89171099683696,32.78951203822544,PTT,ptt,Post Office,en,
39.887907806811974,32.78584527964995,American Football Field,american-football-field,Sporting Facilities,en,
39.888016,32.785924,American Soccer Field,american-soccer-field,Sporting Facilities,en,
39.889076775124,32.7858116626521,Artificial Football Fields,artificial-football-fields,Sporting Facilities,en,https://odtu101.com/wp-content/uploads/2021/08/20150619_152112_HDR_0_0.jpg
39.8899658362693,32.7857304811369,Baraka Gymnasium,baraka-gymnasium,Sporting Facilities,en,https://odtu101.com/wp-content/uploads/2021/08/baraka2.png
39.8909392626788,32.7869662642479,Basketball Courts,basketball-courts,Sporting Facilities,en,
39.889517191114,32.7894748449216,Basketball Field,basketball-field,Sporting Facilities,en,
39.8886651688372,32.7859833240291,Beach Volley Fields,beach-volley-fields,Sporting Facilities,en,
39.8914311155864,32.7855205535889,Football Stadium,football-stadium,Sporting Facilities,en,https://upload.wikimedia.org/wikipedia/commons/5/50/METU_Devrim_Stadium.jpg
39.8914105360376,32.7876234054565,Gymnasium,gymnasium,Sporting Facilities,en,https://odtu101.com/wp-content/uploads/2021/08/buyuksporsalonu1.jpg
39.889134399807,32.7870991229793,Indoor Swimming Pool,indoor-swimming-pool,Sporting Facilities,en,https://hm.metu.edu.tr/sites/hm.metu.edu.tr/files/styles/featured_slider/public/slider-images/hm2-slider.jpg.webp?itok=fVWCwb1g
39.891782339101205,32.78524875646326,Devrim Stadium,devrim-stadium,Sporting Facilities,en,https://upload.wikimedia.org/wikipedia/commons/5/50/METU_Devrim_Stadium.jpg
39.88847582911528,32.786745071389305,Outdoor Swimming Pool,outdoor-swimming-pool,Sporting Facilities,en,
39.8918797482152,32.7865451574326,Outdoor Tennis Courts,outdoor-tennis-courts,Sporting Facilities,en,
39.893587818049,32.7883129119436,Outdoor Tennis Courts,outdoor-tennis-courts-2,Sporting Facilities,en,
39.891406420127076,32.78800427913666,Outdoor Tennis Courts,outdoor-tennis-courts-3,Sporting Facilities,en,
39.8925835604593,32.7766427992901,ODTÜKENT Sports Center,odtukent-sports-center,Sporting Facilities,en,https://odtu101.com/101/kampus-101/spor-alanlari-ve-olanaklari/teknokent-spor-salonu/
39.892462,32.777814,Ada Lovelace,ada-lovelace,Student Societies and Teams,en,
39.884791,32.778783,Aerospace Students Society (MASS),aerospace-students-society-mass,Student Societies and Teams,en,
39.889996,32.78585,Aikido Society,aikido-society,Student Societies and Teams,en,
39.892462,32.777814,Alan M. Turing,ada-lovelace,Student Societies and Teams,en,
39.891166,32.783012,Alessandro Volta,alessandro-volta,Student Societies and Teams,en,
39.894845,32.78191,Amateur Astronomy Club,amateur-astronomy-club,Student Societies and Teams,en,
39.892886,32.7838,Amateur Photography Society,amateur-photography-society,Student Societies and Teams,en,
39.88767,32.786079,American Football Team (Gentlemen),american-football-team-gentlemen,Student Societies and Teams,en,
39.891166,32.783012,Andre M. Ampere,alessandro-volta,Student Societies and Teams,en,
39.892886,32.7838,Archeological Society,amateur-photography-society,Student Societies and Teams,en,
39.892354,32.776274,Archery Team,archery-team,Student Societies and Teams,en,
39.897376,32.781894,Architecture Club,architecture-club,Student Societies and Teams,en,
39.894612,32.782134,Atatürk's Thought Club,ataturk-s-thought-club,Student Societies and Teams,en,
39.89133,32.787685,Athletics (Cross) Team,athletics-cross-team,Student Societies and Teams,en,
39.887975,32.790158,Aviation Society,aviation-society,Student Societies and Teams,en,
39.889996,32.78585,Badminton Team,aikido-society,Student Societies and Teams,en,
39.89133,32.787685,Basketball Team,athletics-cross-team,Student Societies and Teams,en,
39.892465,32.788216,Billiards Team,billiards-team,Student Societies and Teams,en,
39.895869,32.780107,Biology and Genetics Society,biology-and-genetics-society,Student Societies and Teams,en,
39.891741,32.779859,Book Club,book-club,Student Societies and Teams,en,
39.892651,32.77629,Bridge Club and team,bridge-club-and-team,Student Societies and Teams,en,
39.898934,32.778867,Business Club,business-club,Student Societies and Teams,en,
39.889996,32.78585,Capoeira Society,aikido-society,Student Societies and Teams,en,
39.893316,32.782429,Chemistry Society,chemistry-society,Student Societies and Teams,en,
39.887975,32.790158,Chess Society and Team,aviation-society,Student Societies and Teams,en,
39.900741,32.776272,Childern’s Language of Science Society,childerns-language-of-science-society,Student Societies and Teams,en,
39.892886,32.7838,Cinema Club,amateur-photography-society,Student Societies and Teams,en,
39.892886,32.7838,Classical Guitar Society,amateur-photography-society,Student Societies and Teams,en,
39.892314,32.783284,Communication Club,communication-club,Student Societies and Teams,en,
39.891738,32.783407,Computer Club,computer-club,Student Societies and Teams,en,
39.890536,32.78389,Construction Club,construction-club,Student Societies and Teams,en,
39.887949,32.789957,Contemporary Dance Group,contemporary-dance-group,Student Societies and Teams,en,
39.887975,32.790158,Couple Dances Club,aviation-society,Student Societies and Teams,en,
39.887617,32.78569,Cricket Team (Gentlemen),cricket-team-gentlemen,Student Societies and Teams,en,
39.89133,32.787685,Cycling Team,athletics-cross-team,Student Societies and Teams,en,
39.891741,32.779859,Çocuk Aklım Society,book-club,Student Societies and Teams,en,
39.898934,32.778867,Debate Club,business-club,Student Societies and Teams,en,
39.896656,32.781333,Design Society,design-society,Student Societies and Teams,en,
39.89133,32.787685,E-Sports Society,athletics-cross-team,Student Societies and Teams,en,
39.898274,32.782241,Economics Society,economics-society,Student Societies and Teams,en,
39.900721,32.776257,Education Club,education-club,Student Societies and Teams,en,
39.892886,32.7838,Environmental Society,amateur-photography-society,Student Societies and Teams,en,
39.891741,32.779859,Eurasia Club,book-club,Student Societies and Teams,en,
39.892314,32.783284,European Students Forum Club,communication-club,Student Societies and Teams,en,
39.89133,32.787685,Fencing Team,athletics-cross-team,Student Societies and Teams,en,
39.891741,32.779859,Fine Arts Club,book-club,Student Societies and Teams,en,
39.887651,32.779086,Food Society,food-society,Student Societies and Teams,en,
39.888,32.7858,Football Team,football-team,Student Societies and Teams,en,
39.898934,32.778867,Foreign Policy and International Relations Society,business-club,Student Societies and Teams,en,
39.889256,32.7873205,Free Diving Team,free-diving-team,Student Societies and Teams,en,
39.887498,32.786151,Frisbee Team,frisbee-team,Student Societies and Teams,en,
39.8926,32.7762,Futsal Team,futsal-team,Student Societies and Teams,en,
39.900449,32.777119,Game and Animations Technologies Society,game-and-animations-technologies-society,Student Societies and Teams,en,
39.887651,32.779086,Gastronomy Club,food-society,Student Societies and Teams,en,
39.898934,32.778867,Gender Studies Society,business-club,Student Societies and Teams,en,
39.887949,32.789957,Go Club,contemporary-dance-group,Student Societies and Teams,en,
39.894441,32.782693,Green Campus Society,green-campus-society,Student Societies and Teams,en,
39.89133,32.787685,Gymnastics Team,athletics-cross-team,Student Societies and Teams,en,
39.889996,32.78585,Handball Team,aikido-society,Student Societies and Teams,en,
39.89625,32.781973,History Club,human-sciences-building,Student Societies and Teams,en,
39.89133,32.787685,Ice Hockey Team,athletics-cross-team,Student Societies and Teams,en,
39.891457,32.782289,IEEE Student Society,ieee-student-society,Student Societies and Teams,en,
39.898934,32.778867,International Trade and Logistics Society,business-club,Student Societies and Teams,en,
39.892886,32.7838,International Youth Club,amateur-photography-society,Student Societies and Teams,en,
39.893473,32.783326,Isaac Newton,isaac-newton,Student Societies and Teams,en,
39.891166,32.783012,James Clerk Maxwell,alessandro-volta,Student Societies and Teams,en,
39.891741,32.779859,Japanese Culture Society,book-club,Student Societies and Teams,en,
39.891741,32.779859,Jazz Society,book-club,Student Societies and Teams,en,
39.892462,32.777814,John McCarthy,ada-lovelace,Student Societies and Teams,en,
39.889996,32.78585,Judo Team,aikido-society,Student Societies and Teams,en,
39.89133,32.787685,Jugglers Club,athletics-cross-team,Student Societies and Teams,en,
39.889996,32.78585,Karate-Do Team,aikido-society,Student Societies and Teams,en,
39.890028,32.783214,Karl von Terzaghi,karl-von-terzaghi,Student Societies and Teams,en,
39.89133,32.787685,Karting Team,athletics-cross-team,Student Societies and Teams,en,
39.889996,32.78585,Korfball Team,aikido-society,Student Societies and Teams,en,
39.892597,32.77625,Lifesaving and First Aid Society,lifesaving-and-first-aid-society,Student Societies and Teams,en,
39.895676,32.78289,Lise Meitner,lise-meitner,Student Societies and Teams,en,
39.88926,32.780799,Machinery and Innovation Society,machinery-and-innovation-society,Student Societies and Teams,en,
39.822423,32.830382,Maritime and Sailing Society,maritime-and-sailing-society,Student Societies and Teams,en,
39.886029,32.782584,Material Sciences Club,material-sciences-club,Student Societies and Teams,en,
39.895658,32.782334,Mathematics Society,mathematics-society,Student Societies and Teams,en,
39.891741,32.779859,METU Animal Lovers,book-club,Student Societies and Teams,en,
39.895848,32.783286,METU without Barriers Student Club,metu-without-barriers-student-club,Student Societies and Teams,en,
39.894375,32.777846,Modelling and Simulation Society,modelling-and-simulation-society,Student Societies and Teams,en,
39.89133,32.787685,Motorsports and Traffic Club,athletics-cross-team,Student Societies and Teams,en,
39.892886,32.7838,Mountaineering and Winter Sports Club and Mountaineering Team,amateur-photography-society,Student Societies and Teams,en,
39.891741,32.779859,Music Societies,book-club,Student Societies and Teams,en,
39.887949,32.789957,Musical Society,contemporary-dance-group,Student Societies and Teams,en,
39.89133,32.787685,Orienteering Team,athletics-cross-team,Student Societies and Teams,en,
39.89625,32.781973,Philosophy Society,human-sciences-building,Student Societies and Teams,en,
39.894845,32.78191,Physics Society,amateur-astronomy-club,Student Societies and Teams,en,
39.898274,32.782241,Political Sciences Club,economics-society,Student Societies and Teams,en,
39.892239,32.781811,Productivity Club,productivity-club,Student Societies and Teams,en,
39.892886,32.7838,Psychology Club,amateur-photography-society,Student Societies and Teams,en,
39.888791,32.791405,Radio Society,radio-society,Student Societies and Teams,en,
39.88888,32.780383,Research and Development Society,research-and-development-society,Student Societies and Teams,en,
39.893322,32.783126,Robert Boyle,robert-boyle,Student Societies and Teams,en,
39.891494263052884, 32.78059303123221,Robot Society,robot-society,Student Societies and Teams,en,
39.822422,32.830381,Rowing and Water Sports Team,maritime-and-sailing-society,Student Societies and Teams,en,
39.88814,32.786079,Rugby Team,rugby-team,Student Societies and Teams,en,
39.822424,32.830383,Sailing Team,maritime-and-sailing-society,Student Societies and Teams,en,
39.889996,32.78585,Sayokan Team,aikido-society,Student Societies and Teams,en,
39.891741,32.779859,Science & Future Society,book-club,Student Societies and Teams,en,
39.892886,32.7838,Science Fiction & Fantasy Society,amateur-photography-society,Student Societies and Teams,en,
39.887975,32.790158,Scouting Society,aviation-society,Student Societies and Teams,en,
39.89133,32.787685,Shooting,athletics-cross-team,Student Societies and Teams,en,
39.894441,32.782693,SIAM Student Club,green-campus-society,Student Societies and Teams,en,
39.89133,32.787685,Skiing Team,athletics-cross-team,Student Societies and Teams,en,
39.89133,32.787685,Snowboard Team,athletics-cross-team,Student Societies and Teams,en,
39.891741,32.779859,Social Democracy Society,book-club,Student Societies and Teams,en,
39.891741,32.779859,Sociology Club,book-club,Student Societies and Teams,en,
39.892912,32.77677,Squash Team,squash-team,Student Societies and Teams,en,
39.893422,32.781756,Statistics Club,statistics-club,Student Societies and Teams,en,
39.890479,32.79364,Student Center,student-center,Student Societies and Teams,en,
39.889056,32.787325,Subaqua Hockey Team (Gentlemen),subaqua-hockey-team-gentlemen,Student Societies and Teams,en,
39.889156,32.787235,Subaqua Society,subaqua-society,Student Societies and Teams,en,
39.889216,32.787265,Subaqua Sports Club,subaqua-sports-club,Student Societies and Teams,en,
39.887959,32.782179,Sustainable Production Society,sustainable-production-society,Student Societies and Teams,en,
39.889116,32.787205,Swimming Team,swimming-team,Student Societies and Teams,en,
39.89133,32.787685,Table Tennis Team,athletics-cross-team,Student Societies and Teams,en,
39.889996,32.78585,Taekwon-do Team,aikido-society,Student Societies and Teams,en,
39.891381,32.786778,Tennis Club and Team,tennis-club-and-team,Student Societies and Teams,en,
39.885971,32.780436,Terrestrial Engineerings Society,terrestrial-engineerings-society,Student Societies and Teams,en,
39.896848,32.782294,Theatre Club,theatre-club,Student Societies and Teams,en,
39.89133,32.787685,Triathlon Team,athletics-cross-team,Student Societies and Teams,en,
39.89171,32.780445,Turkish Classical Music Club,turkish-classical-music-club,Student Societies and Teams,en,
39.891735,32.780642,Turkish Folklore Club,turkish-folklore-club,Student Societies and Teams,en,
39.889086,32.787295,Underwater Rugby Club,underwater-rugby-club,Student Societies and Teams,en,
39.89133,32.787685,Volleyball Team,athletics-cross-team,Student Societies and Teams,en,
39.889306,32.7873555,Water polo Team (Gentlemen),water-polo-team-gentlemen,Student Societies and Teams,en,
39.891166,32.783012,Werner von Siemens,alessandro-volta,Student Societies and Teams,en,
39.822382,32.830332,Wildlife & Nature Research Society,wildlife-nature-research-society,Student Societies and Teams,en,
39.889996,32.78585,Wrestling Team,aikido-society,Student Societies and Teams,en,
39.898934,32.778867,Young Entrepreneurs Club,business-club,Student Societies and Teams,en,
39.892134932437,32.7879781722913,Bookstore,bookstore,Shopping Areas,en,
39.892192,32.788128,ODTÜDEN,odtuden,Shopping Areas,en,https://files.catbox.moe/6ftcce.jpg
39.892145,32.787915,ODTÜDEN Junior,odtuden-junior,Shopping Areas,en,
39.890405,32.776103,ODTÜKENT Şok Market,odtukent-sok-market,Shopping Areas,en,
39.892616487171,32.788245677948,Shopping Center (Çarşı),shopping-center-cars,Shopping Areas,en,https://bu1732577.wordpress.com/wp-content/uploads/2012/11/09112012349.jpg
39.892254292472785,32.78869771955215,Şok Market (Çarşı District),sok-market-cars-district,Shopping Areas,en,
39.8904515222099,32.7882471084376,1st Dormitory Canteen,1st-dormitory-canteen,Food & Beverage Facilities,en,
39.885403,32.777564,19th Dormitory Canteen - Sebastian Cafe,19th-dormitory-canteen-sebastian-cafe,Food & Beverage Facilities,en,
39.8901634038468,32.7891697883388,2nd Dormitory Canteen,2nd-dormitory-canteen,Food & Beverage Facilities,en,
39.8897271080201,32.787764310815,3rd Dormitory Canteen,3rd-dormitory-canteen,Food & Beverage Facilities,en,
39.8894801468874,32.7885689735194,4th Dormitory Canteen,4th-dormitory-canteen,Food & Beverage Facilities,en,
39.8890932393241,32.7895131110927,5th Dormitory Canteen,5th-dormitory-canteen,Food & Beverage Facilities,en,
39.8884593647669,32.789544582356,6th Dormitory Canteen,6th-dormitory-canteen,Food & Beverage Facilities,en,
39.8890850072245,32.7886333465358,7th Dormitory Canteen,7th-dormitory-canteen,Food & Beverage Facilities,en,
39.8885005256304,32.7876141071101,8th Dormitory Canteen,8th-dormitory-canteen,Food & Beverage Facilities,en,
39.8879818969445,32.7897920608302,9th Dormitory Canteen,9th-dormitory-canteen,Food & Beverage Facilities,en,
39.893674249367,32.7837556600571,Cafeteria,cafeteria-lower-floor-kiosk,Food & Beverage Facilities,en,
39.8926411821943,32.7822375297546,Çatı Cafe,cat-cafe,Food & Beverage Facilities,en,
39.8843513862842,32.7780990600149,Department of Aerospace Engineering Canteen,aerospace-engineering-canteen,Food & Beverage Facilities,en,
39.8960078537533,32.7801375388663,Department of Biological Sciences Canteen,biological-sciences-canteen,Food & Beverage Facilities,en,
39.8874632643351,32.7825822829982,Department of Chemical Engineering Canteen,chemical-engineering-canteen,Food & Beverage Facilities,en,
39.8932914812742,32.7829087972532,Department of Chemistry Canteen,chemistry-canteen,Food & Beverage Facilities,en,
39.8905585372936,32.7835586070796,Department of Civil Engineering Canteen,civil-engineering-canteen,Food & Beverage Facilities,en,
39.8918674005674,32.783413052548,Department of Computer Engineering Canteen,computer-engineering-canteen,Food & Beverage Facilities,en,
39.891752155748,32.7825608253261,Department of Electrical Engineering Canteen,electrical-engineering-canteen,Food & Beverage Facilities,en,
39.8924847802294,32.7818098068019,Department of Industrial Engineering Canteen - Esinti Cafe,industrial-engineering-canteen-esinti-cafe,Food & Beverage Facilities,en,
39.8955304385096,32.7823355197688,Department of Mathematics Canteen,mathematics-canteen,Food & Beverage Facilities,en,
39.8889450613811,32.7827110290309,Department of Mechanical Engineering B-Block Canteen,mechanical-engineering-b-block-canteen,Food & Beverage Facilities,en,
39.8858332505909,32.7823462486049,Department of Metallurgical and Materials Engineering Canteen,metallurgical-and-materials-engineering-canteen,Food & Beverage Facilities,en,
39.8947731523361,32.7816703319331,Department of Physics Canteen,physics-canteen,Food & Beverage Facilities,en,
39.891803604352,32.7889514565413,Doyurucu,doyurucu,Food & Beverage Facilities,en,
39.888557,32.791673,EBI Guest House Canteen - Wood Cafe,ebi-guest-house-canteen-wood-cafe,Food & Beverage Facilities,en,
39.89225017661295,32.78347206114631,Engineering Sciences Canteen,engineering-sciences-canteen,Food & Beverage Facilities,en,
39.8868046775893,32.7836644649506,Environmental Engineering Canteen,environmental-engineering-canteen,Food & Beverage Facilities,en,
39.897053216897454,32.781284093834984,Faculty of Architecture Canteen,architecture-canteen,Food & Beverage Facilities,en,
39.90070774697984,32.77639174459182,Faculty of Education Canteen,education-canteen,Food & Beverage Facilities,en,
39.88648361425673,32.776992559411156,Faika Demiray Dormitory Canteen - Hocam Faika,faika-demiray-dormitory-canteen-hocam-faika,Food & Beverage Facilities,en,
39.89842780400649,32.782281875588524,FEAS Canteen,feas-canteen,Food & Beverage Facilities,en,
39.887771974694346,32.77908396719795,Food Engineering Canteen,food-engineering-canteen,Food & Beverage Facilities,en,
39.8860596437063,32.7811439037214,Geology Engineering Canteen,geology-engineering-canteen,Food & Beverage Facilities,en,
39.8891796763096,32.7913309335599,Girls' Guesthouse Canteen - Arka Bahçe,girls-guesthouse-canteen-arka-bahce,Food & Beverage Facilities,en,
39.892135,32.788498,Grano Cafe,grano-cafe,Food & Beverage Facilities,en,https://files.catbox.moe/otr718.jpg
39.887800787590265,32.791723251320946,Hızıroğlu Dormitory Canteen,hzroglu-dormitory-canteen,Food & Beverage Facilities,en,
39.89596669739777,32.782035112359154,Human Sciences Canteen,human-sciences-canteen,Food & Beverage Facilities,en,
39.88732331518099,32.776756525017845,İsa Demiray Dormitory Canteen,isa-demiray-dormitory-canteen,Food & Beverage Facilities,en,
39.898445,32.777089,New Cafeteria,library-saloon,Food & Beverage Facilities,en,
39.88696109251428,32.779277801491844,Petroleum Engineering Canteen,petroleum-engineering-canteen,Food & Beverage Facilities,en,
39.88479594893919,32.77685451503203,Refika Aksoy Dormitory Canteen - Adam Smith Cafe,refika-aksoy-dormitory-canteen-adam-smith-cafe,Food & Beverage Facilities,en,
39.8925341703622,32.7883536815534,Shopping Center (Çarşı),shopping-center-cars-2,Food & Beverage Facilities,en,https://bu1732577.wordpress.com/wp-content/uploads/2012/11/09112012349.jpg
39.8944932835892,32.7851665019989,Social Building,social-building,Food & Beverage Facilities,en,
39.88971887599668,32.790725469567406,Sunshine Cafe,sunshine-cafe,Food & Beverage Facilities,en,
39.897445,32.782645,A Relief on the Masonry Wall,a-relief-on-the-masonry-wall,Artifacts,en,
39.894906,32.782585,Abstract Sculpture,abstract-sculpture,Artifacts,en,
39.895924,32.78307,"Abstract Sculpture, Deer",abstract-sculpture-deer,Artifacts,en,
39.897445,32.782645,"After the Bath, woman drying her feet",a-relief-on-the-masonry-wall,Artifacts,en,
39.894716,32.782968,Albert Einstein,albert-einstein,Artifacts,en,
39.8934,32.783337,Amedeo Avogadro,amedeo-avogadro,Artifacts,en,
39.894717,32.783397,Atatürk Monument,ataturk-monument,Artifacts,en,
39.896323,32.782348,Avicenna,avicenna,Artifacts,en,
39.893698,32.782156,Charles Darwin,charles-darwin,Artifacts,en,
39.889847,32.784171,Concrete Boat,concrete-boat,Artifacts,en,
39.894498,32.784145,December 2nd Memorial,december-2nd-memorial,Artifacts,en,
39.893918,32.783079,Dimitri Mendeleev,dimitri-mendeleev,Artifacts,en,
39.893322,32.783126,Enrico Fermi,robert-boyle,Artifacts,en,
39.895676,32.78289,Galileo GALILEI,lise-meitner,Artifacts,en,
39.900372,32.781206,Harmony,harmony,Artifacts,en,
39.895676,32.78289,Henri Antonie Becquerel,lise-meitner,Artifacts,en,
39.893698,32.782156,Herman Walter Nernst,charles-darwin,Artifacts,en,
39.888345,32.782439,Hermann von Helmholtz,hermann-von-helmholtz,Artifacts,en,
39.893712,32.785099,Hezarfen Ahmet Çelebi Sculpture,hezarfen-ahmet-celebi-sculpture,Artifacts,en,
39.893322,32.783126,J. Robert Oppenheimer,robert-boyle,Artifacts,en,
39.896409,32.782177,Jabir ibn Hayyan,jabir-ibn-hayyan,Artifacts,en,
39.8934,32.783337,John Dalton,amedeo-avogadro,Artifacts,en,
39.888345,32.782439,Joseph Priestley,hermann-von-helmholtz,Artifacts,en,
39.894424,32.783084,Kemal Kurdaş Memorial,kemal-kurdas-memorial,Artifacts,en,
39.893903,32.783222,Kemal Kurdaş Statue,kemal-kurdas-statue,Artifacts,en,
39.893766,32.785918,Leonardo da Vinci,leonardo-da-vinci,Artifacts,en,
39.893843,32.785754,Ludwig van Beethoven,ludwig-van-beethoven,Artifacts,en,
39.893322,32.783126,Marie Curie,robert-boyle,Artifacts,en,
39.89270750159206,32.7866139865989,METU Time Capsule,metu-time-capsule,Artifacts,en,
39.892817,32.782934,Mother Earth with Two Children,mother-earth-with-two-children,Artifacts,en,
39.892344,32.782579,Mustafa N. Parlar Memorial,mustafa-n-parlar-memorial,Artifacts,en,
39.8934,32.783337,Niels Bohr,amedeo-avogadro,Artifacts,en,
39.89425,32.786613,"Non-existent Devotion, Unlikely Compromise",non-existent-devotion-unlikely-compromise,Artifacts,en,
39.895676,32.78289,Otto Hahn,lise-meitner,Artifacts,en,
39.893414,32.784,Precast Window Experience,precast-window-experience,Artifacts,en,
39.894962474664,32.7842223644257,Rektörlük Önü Heykel,presidency,Artifacts,en,
39.888345,32.782439,Robert Bunsen,hermann-von-helmholtz,Artifacts,en,
39.89544,32.782794,Science Girl,science-girl,Artifacts,en,
39.89497,32.783159,Shadow Clock,shadow-clock,Artifacts,en,
39.897102,32.782178,Sinan thre Architect,sinan-thre-architect,Artifacts,en,
39.90809,32.783902,Tree of Science,tree-of-science,Artifacts,en,https://adayogrenci.metu.edu.tr/sites/default/files/images/header.jpg
39.890107,32.790256,Untitled Sculpture,untitled-sculpture,Artifacts,en,
39.893698,32.782156,Wolfgang Pauli,charles-darwin,Artifacts,en,
39.897318,32.782714,YOK,yok,Artifacts,en,
39.892867,32.785074,Youth Sculpture,youth-sculpture,Artifacts,en,https://odtu101.com/wp-content/uploads/2021/08/c-heykeli-2.jpg
39.908511,32.81738,10 Nisan Police Station,10-nisan-police-station,Other,en,
39.8899208646206,32.7880514402731,3rd Dormitory Masjid,3rd-dormitory-masjid,Other,en,
39.889464336991,32.7887982743511,4th Dormitory Masjid,4th-dormitory-masjid,Other,en,
39.8884775649762,32.7896225754923,6th Dormitory Masjid,6th-dormitory-masjid,Other,en,
39.8890791427901,32.7889718072799,7th Dormitory Masjid,7th-dormitory-masjid,Other,en,
39.877564,32.78787,Animal Feeding Point-1,animal-feeding-point-1,Other,en,
39.87443,32.790209,Animal Feeding Point-2,animal-feeding-point-2,Other,en,
39.8907905627649,32.782538631393,Department of Electrical and Electronics Engineering Masjid,electrical-and-electronics-engineering-masjid,Other,en,
39.889668165326,32.7800562640245,Department of Mechanical Engineering Masjid,mechanical-engineering-masjid,Other,en,
39.895689,32.77162,EBI,ebi,Other,en,
36.566978,34.254974,Erdemli Campus,erdemli-campus,Other,en,
39.8993999216431,32.7756005834316,Gümüş Blok Mescit,gumus-blok-mescit,Other,en,
39.8873186139897,32.777234393009,Isa Demiray Dormitory Masjid,isa-demiray-dormitory-masjid,Other,en,
39.8944603577792,32.7831763029099,Kemal Kemal Kurdaş Agac Dikme Alanı,kemal-kemal-kurdas-agac-dikme-alan,Other,en,
39.826076,32.832299,Lake Eymir,lake-eymir,Other,en,
39.896015,32.783404,Library Masjid,library-masjid,Other,en,
35.248964,33.024097,Northern Cyprus Campus,northern-cyprus-campus,Other,en,
39.8886174562784,32.7918033266986,ODTÜ Guesthouse 2 Masjid,odtu-guesthouse-2-masjid,Other,en,
39.885408,32.783991,ODTÜ Mosque,odtu-mosque,Other,en,
39.895866,32.793016,ODTÜ Vişnelik,odtu-visnelik,Other,en,
39.870244,32.775624,Pond,pond,Other,en,
39.9008944233514,32.7792838444192,Pre-School Masjid,pre-school-masjid,Other,en,
39.8968079592582,32.7760703547561,Teknokent İkizler Binası Mescidi,teknokent-ikizler-binas-mescidi,Other,en,
40.108332,29.131686,Uludağ Education and Sports Center,uludag-education-and-sports-center,Other,en,
39.884129,32.752937,Üniversiteler Mahallesi Muhtarlığı,universiteler-mahallesi-muhtarlg,Other,en,
39.9053862188505,32.7706623915851,Workers Masjid,workers-masjid,Other,en,
39.872773,32.790494,Yalıncak,yalncak,Other,en,
39.892239,32.783748,Akademik Yazı Merkezi,academic-writing-center,Akademik Binalar,tr,https://files.catbox.moe/htgfgw.jpg
39.8944274319533,32.7826988697052,Arkeometri Bölümü,archaeometry,Akademik Binalar,tr,https://files.catbox.moe/o2m8jv.jpg
39.900692,32.776389,Beden Eğitimi ve Spor Bölümü,physical-education-and-sports,Akademik Binalar,tr,https://fim.metu.edu.tr/sites/fim.metu.edu.tr/files/gallery/1_0.jpg
39.896246560128,32.7819693088531,Beşeri (Sosyal) Bilimler Binası,human-sciences-building,Akademik Binalar,tr,https://files.catbox.moe/a3u97v.jpg
39.8919414864205,32.7831387519836,Bilgisayar Mühendisliği Bölümü,computer-engineering,Akademik Binalar,tr,https://tanitim.ceng.metu.edu.tr/images/slider/BMB-18.jpg
39.9015884266627,32.773614406542,Bilgisayar ve Öğretim Teknolojileri Eğitimi Bölümü,computer-education-and-instructional-technology,Akademik Binalar,tr,https://ceit.metu.edu.tr/sites/ceit.metu.edu.tr/files/styles/featured_slider/public/slider-images/2_1.jpg.webp?itok=glISyjc9
39.8957773778439,32.7800273895264,Biyolojik Bilimler Bölümü,biological-sciences,Akademik Binalar,tr,https://bio.metu.edu.tr/en/system/files/bolum-large.jpg
39.8869199307265,32.7831416129629,Çevre Mühendisliği Bölümü,environmental-engineering,Akademik Binalar,tr,https://enve.metu.edu.tr/sites/enve.metu.edu.tr/files/slider/standard_image/slider4_rev.jpg
36.566979,34.254975,Deniz Bilimleri Enstitüsü,graduate-school-of-marine-sciences,Akademik Binalar,tr,
39.9007,32.776333,Eğitim Bilimleri Bölümü,educational-sciences,Akademik Binalar,tr,https://fim.metu.edu.tr/sites/fim.metu.edu.tr/files/gallery/1_0.jpg
39.9006665934468,32.7764253615896,Eğitim Fakültesi,education,Akademik Binalar,tr,https://fim.metu.edu.tr/sites/fim.metu.edu.tr/files/gallery/1_0.jpg
39.8905955809374,32.7825815677534,Elektrik ve Elektronik Mühendisliği,electrical-and-electronics-engineering-2,Akademik Binalar,tr,https://files.catbox.moe/g5sl7r.jpg
39.8914640428517,32.7821838855743,Elektrik ve Elektronik Mühendisliği Bölümü,electrical-and-electronics-engineering,Akademik Binalar,tr,https://files.catbox.moe/7wq7rs.jpg
39.8924189266637,32.7819600105067,Endüstri Mühendisliği Bölümü,industrial-engineering,Akademik Binalar,tr,https://files.catbox.moe/c7d7i0.jpg
39.896993,32.781426,Endüstri Ürünleri Tasarımı Bölümü,industrial-design,Akademik Binalar,tr,https://arch.metu.edu.tr/system/files/About/untitled-2.jpg
39.8922542924728,32.7780561446707,Enformatik Enstitüsü,informatics-institute,Akademik Binalar,tr,https://ii.metu.edu.tr/sites/ii.metu.edu.tr/files/styles/slider_image/public/slider/standard_image/img_5768_0.png?itok=uIwIqtUP
39.8964,32.7817,Felsefe Bölümü,philosophy,Akademik Binalar,tr,https://files.catbox.moe/a3u97v.jpg
39.892625,32.783503,Fen Bilimleri Enstitüsü,graduate-school-of-natural-and-applied-sciences,Akademik Binalar,tr,https://files.catbox.moe/htgfgw.jpg
39.894553,32.78253,Fen Edebiyat Fakültesi,arts-and-sciences,Akademik Binalar,tr,https://files.catbox.moe/o2m8jv.jpg
39.8942874970168,32.7818191051483,Fizik Bölümü,physics,Akademik Binalar,tr,https://phys.metu.edu.tr/sites/phys.metu.edu.tr/files/slider/image/department2.jpg
39.8948472350484,32.781820535638,Fizik Bölümü P Binası,physics-p-building,Akademik Binalar,tr,https://phys.metu.edu.tr/sites/phys.metu.edu.tr/files/slider/image/department2.jpg
39.8949542432693,32.7824964523097,Fizik Bölümü Üçlü Amfi,physics-u-auditorium,Akademik Binalar,tr,https://ihm.metu.edu.tr/sites/ihm.metu.edu.tr/files/gallery/u3-11.jpg
39.8876443745811,32.7790861129324,Gıda Mühendisliği Bölümü,food-engineering,Akademik Binalar,tr,https://fde.metu.edu.tr/sites/fde.metu.edu.tr/files/slider/image/bina_3_kisa.jpg
39.8846642269715,32.7782063483755,Havacılık ve Uzay Mühendisliği Bölümü,aerospace-engineering,Akademik Binalar,tr,http://ae.metu.edu.tr/tanitim/tanitim/pics/aee_Giris01b.jpg
39.8841291038757,32.7779474258205,Havacılık ve Uzay Mühendisliği Bölümü Hangar Binası,aerospace-engineering-hangar-building,Akademik Binalar,tr,
39.900497863703,32.7802319526563,Hazırlık Okulu Sınıflar Bloğu,basic-english-classes,Akademik Binalar,tr,https://files.catbox.moe/6tdwt1.jpg
39.9001398260412,32.7789144515555,Hazırlık Yeni Sınıflar Bloğu 1-2-3-4,basic-english-classes-1-2-3-4,Akademik Binalar,tr,https://files.catbox.moe/iy1koi.jpg
39.8983125702178,32.7827417850494,İktisadi ve İdari Bilimler Fakültesi-1,economic-and-administrative-sciences-1,Akademik Binalar,tr,https://upload.wikimedia.org/wikipedia/commons/3/3e/METU_PADM_Building.jpg
39.8989051990667,32.7784931659698,İktisadi ve İdari Bilimler Fakültesi-2,economic-and-administrative-sciences-2,Akademik Binalar,tr,https://feas.metu.edu.tr/sites/feas.metu.edu.tr/files/slider/image/7-7.jpg
39.89834,32.782605,İktisat Bölümü,economics,Akademik Binalar,tr,https://feas.metu.edu.tr/sites/feas.metu.edu.tr/files/slider/image/4-4.jpg
39.8895048430407,32.7839984893581,İnşaat Mühendisliği Bölümü,civil-engineering,Akademik Binalar,tr,https://files.catbox.moe/2pig8a.jpg
39.8905009138078,32.7836766242763,İnşaat Mühendisliği Bölümü K1 Binası,civil-engineering-k1-building,Akademik Binalar,tr,https://ce.metu.edu.tr/tr/system/files/20200918_140755.jpg
39.8934519971862,32.7818030118942,İstatistik Bölümü,statistics,Akademik Binalar,tr,https://stat.metu.edu.tr/en/system/files/stat.png
39.898655,32.778783,İşletme Bölümü,business-administration,Akademik Binalar,tr,https://feas.metu.edu.tr/sites/feas.metu.edu.tr/files/slider/image/7-7.jpg
39.886113154697,32.7814893722098,Jeoloji Mühendisliği Bölümü,geological-engineering,Akademik Binalar,tr,https://cumhuriyetim.metu.edu.tr/tr/system/files/jeoloji0.jpeg
39.8931597756297,32.7828919887543,Kimya Bölümü,chemistry,Akademik Binalar,tr,https://fef.metu.edu.tr/system/files/images/kimya.jpg
39.8879901291766,32.7821102142116,Kimya Mühendisliği Bölümü A blok,chemical-engineering-a-block,Akademik Binalar,tr,https://files.catbox.moe/mmg2fp.jpg
39.8878172520968,32.7825708389173,Kimya Mühendisliği Bölümü B blok,chemical-engineering-b-block,Akademik Binalar,tr,https://files.catbox.moe/za139j.jpg
39.8880477547729,32.7828290462276,Kimya Mühendisliği Bölümü C Blok,chemical-engineering-c-block,Akademik Binalar,tr,https://files.catbox.moe/v1xc8w.jpg
39.8884264360583,32.7824857234737,Kimya Mühendisliği Bölümü D Blok,chemical-engineering-d-block,Akademik Binalar,tr,https://files.catbox.moe/lq918x.jpg
39.8875990970644,32.7830804586301,Kimya Mühendisliği Bölümü E Blok,chemical-engineering-e-block,Akademik Binalar,tr,https://files.catbox.moe/za139j.jpg
39.8858167856079,32.7805237769644,Maden Mühendisliği Bölümü,mining-engineering,Akademik Binalar,tr,https://mine.metu.edu.tr/sites/mine.metu.edu.tr/files/slider/image/4a.jpg
39.889521307138,32.7825822829982,Makina Mühendisliği A Blok,mechanical-engineering-a-block,Akademik Binalar,tr,https://files.catbox.moe/81m4pc.jpg
39.8890109182842,32.7823247909328,Makina Mühendisliği B Blok,mechanical-engineering-b-block,Akademik Binalar,tr,https://files.catbox.moe/us90wj.jpg
39.8894472186692,32.7820672988673,Makina Mühendisliği C Blok,mechanical-engineering-c-block,Akademik Binalar,tr,https://files.catbox.moe/81m4pc.jpg
39.8901140120058,32.780200481393,Makina Mühendisliği D Blok,mechanical-engineering-d-block,Akademik Binalar,tr,https://files.catbox.moe/81m4pc.jpg
39.8898505882528,32.7802863120814,Makina Mühendisliği E Blok,mechanical-engineering-e-block,Akademik Binalar,tr,https://files.catbox.moe/8ofutb.jpg
39.8894883789395,32.7802233695547,Makina Mühendisliği F Blok,mechanical-engineering-f-block,Akademik Binalar,tr,https://files.catbox.moe/81m4pc.jpg
39.8889285971455,32.7803721427699,Makina Mühendisliği G Blok,mechanical-engineering-g-block,Akademik Binalar,tr,https://files.catbox.moe/hhpt82.jpg
39.8956868335247,32.7823984622955,Matematik Bölümü,mathematics,Akademik Binalar,tr,https://fef.metu.edu.tr/system/files/images/matematik.jpg
39.90074,32.776438,Matematik ve Fen Bilimleri Eğitimi Bölümü,mathematics-and-science-education,Akademik Binalar,tr,https://fim.metu.edu.tr/sites/fim.metu.edu.tr/files/gallery/1_0.jpg
39.8923530730348,32.7834284305573,Merkez Mühendislik Binası,engineering-building,Akademik Binalar,tr,https://muhfd.metu.edu.tr/sites/muhfd.metu.edu.tr/files/es-eng.jpg
39.90195,32.773171,Meslek Yüksekokulu,technical-vocational-school-of-higher-education,Akademik Binalar,tr,https://fle.metu.edu.tr/sites/fle.metu.edu.tr/files/styles/featured_slider/public/slider-images/slider_4_fle_genel.jpg.webp?itok=ISvxi6PS
39.886014365143,32.7826695441763,Metalurji ve Malzeme Mühendisliği Bölümü,metallurgical-and-materials-engineering,Akademik Binalar,tr,https://files.catbox.moe/p0v7ao.jpg
39.8967445483367,32.7823562621961,Mimarlık Amfisi,architecture-auditorium,Akademik Binalar,tr,https://files.catbox.moe/8za693.jpg
39.8969544431093,32.7813577651978,Mimarlık Bölümü,architecture,Akademik Binalar,tr,https://arch.metu.edu.tr/system/files/About/untitled-2.jpg
39.8968544431093,32.7818577651978,Mimarlık Fakültesi,architecture-2,Akademik Binalar,tr,https://arch.metu.edu.tr/system/files/About/untitled-2.jpg
39.8944315476824,32.7826076745987,Modern Diller Bölümü,modern-languages,Akademik Binalar,tr,https://mld.metu.edu.tr/sites/mld.metu.edu.tr/files/slider/image/img_4728_2.jpg
39.892304,32.783567,Mühendislik Bilimleri Bölümü,engineering-sciences,Akademik Binalar,tr,https://files.catbox.moe/htgfgw.jpg
39.892385,32.783609,Mühendislik Fakültesi,engineering,Akademik Binalar,tr,https://files.catbox.moe/htgfgw.jpg
39.8956580239434,32.7833433151136,Müzik ve Güzel Sanatlar Bölümü,music-and-fine-arts,Akademik Binalar,tr,https://files.catbox.moe/yp5c34.jpg
39.8866564946996,32.7793436049978,Petrol ve Doğalgaz Mühendisliği Bölümü,petroleum-and-natural-gas-engineering,Akademik Binalar,tr,https://files.catbox.moe/cs1tv1.jpg
39.89642,32.7818,Psikoloji Bölümü,psychology,Akademik Binalar,tr,https://files.catbox.moe/a3u97v.jpg
39.898342,32.782605,Siyaset Bilimi ve Kamu Yönetimi Bölümü,economics,Akademik Binalar,tr,https://upload.wikimedia.org/wikipedia/commons/3/3e/METU_PADM_Building.jpg
39.892273,32.783693,Sosyal Bilimler Enstitüsü,graduate-school-of-social-sciences,Akademik Binalar,tr,https://files.catbox.moe/htgfgw.jpg
39.896445,32.78155,Sosyoloji Bölümü,sociology,Akademik Binalar,tr,https://files.catbox.moe/a3u97v.jpg
39.8975544431093,32.7815577651978,Şehir ve Bölge Planlama Bölümü,city-and-regional-planning,Akademik Binalar,tr,https://arch.metu.edu.tr/system/files/About/untitled-2.jpg
39.896498560128,32.7817083088531,Tarih Bölümü,history,Akademik Binalar,tr,https://files.catbox.moe/a3u97v.jpg
39.900727,32.776368,Temel Eğitim Bölümü,elementary-and-early-childhood-education,Akademik Binalar,tr,https://fim.metu.edu.tr/sites/fim.metu.edu.tr/files/gallery/1_0.jpg
39.9000492874855,32.7800710201154,Temel İngilizce Bölümü Lisans Laboratuvarı ve İlavesi,basic-english-undergradute-laboratory,Akademik Binalar,tr,https://ydyom.metu.edu.tr/sites/ydyom.metu.edu.tr/files/slider/image/1280x512x2_0.jpg
39.8900563881463,32.7818888425827,Türk Dili Bölümü,turkish-language,Akademik Binalar,tr,https://merlab.metu.edu.tr/tr/system/files/Belgeler/Resimler/merlab-onden-gorunus.jpg
39.89828,32.77887,Uluslararası İlişkiler Bölümü,international-relations,Akademik Binalar,tr,https://feas.metu.edu.tr/sites/feas.metu.edu.tr/files/slider/image/7-7.jpg
39.8943945061116,32.7826344966888,Uygulamalı Matematik Enstitüsü,institute-of-applied-mathemathics,Akademik Binalar,tr,https://files.catbox.moe/a3u97v.jpg
39.9004855176079,32.7812962531607,Yabancı Diller Yüksekokulu,school-of-foreign-languages,Akademik Binalar,tr,https://dbe.metu.edu.tr/sites/dbe.metu.edu.tr/files/images/slayt/1.jpg
39.9021522203302,32.7731609344482,Yabanci Diller Eğitimi Bölümü,foreign-language-education,Akademik Binalar,tr,https://fle.metu.edu.tr/sites/fle.metu.edu.tr/files/styles/featured_slider/public/slider-images/slider_4_fle_genel.jpg.webp?itok=ISvxi6PS
39.9057365226645,32.7657809257289,Ağaçlandırma Müdürlüğü,office-of-forestation-landscape-planning,İdari Binalar,tr,
39.90578,32.767518,Arşiv Binaları,archive-buildings,İdari Binalar,tr,https://bilimgenc.tubitak.gov.tr/sites/default/files/styles/bp-770px-custom_user_desktop_1x/public/tasarim_fabrikasi.png?itok=uWTCNjwe
39.90415,32.771445,Atölyeler,atelier,İdari Binalar,tr,https://gam.metu.edu.tr/sites/gam.metu.edu.tr/files/slider/image/whatsapp_gorsel_2025-07-23_saat_15.00.57_7dbe9ec6.jpg
39.8913981883053,32.7833962440491,Bilgi İşlem Daire Başkanlığı,computer-center,İdari Binalar,tr,https://coordinators.metu.edu.tr/sites/coordinators.metu.edu.tr/files/slider/image/picture1.jpg
39.8944891678639,32.7825379371643,Burs ve Yardım Ofisi,office-of-scholarship-and-financial-aid,İdari Binalar,tr,https://files.catbox.moe/o2m8jv.jpg
39.9062673620623,32.7687145471464,Elektrik İşletme Müdürlüğü,office-of-electrical-works,İdari Binalar,tr,
39.9052920958193,32.7698364257594,Genel Atölyeler Müdürlüğü,office-of-general-atelier,İdari Binalar,tr,https://gam.metu.edu.tr/sites/gam.metu.edu.tr/files/slider/image/whatsapp_gorsel_2025-07-23_saat_15.00.57_7dbe9ec6.jpg
39.906568,32.768292,Hurda İşletme,junkyard,İdari Binalar,tr,
39.9039587979862,32.7706840038081,Isı-Su İşletme Müdürlüğü,office-of-central-heating-water-support,İdari Binalar,tr,https://isim.metu.edu.tr/sites/isim.metu.edu.tr/files/slider/image/dscn4083.jpg
39.90579,32.767517,Kaynak Teknolojileri,welding-technology-centre,İdari Binalar,tr,https://bilimgenc.tubitak.gov.tr/sites/default/files/styles/bp-770px-custom_user_desktop_1x/public/tasarim_fabrikasi.png?itok=uWTCNjwe
39.906272,32.770052,Matbaa,printing-house,İdari Binalar,tr,
39.8947237638168,32.7840936183929,Öğrenci İşleri Daire Başkanlığı,registrars-office,İdari Binalar,tr,https://ihm.metu.edu.tr/tr/system/files/IHM/NOBETCIAMIRLIGI/rektc3b6rlc3bck.jpg
39.894962474664,32.7842223644257,Rektörlük,presidency,İdari Binalar,tr,https://ihm.metu.edu.tr/tr/system/files/IHM/NOBETCIAMIRLIGI/rektc3b6rlc3bck.jpg
39.890905,32.774092,Sosyal Tesisler Müdürlüğü,office-of-social-facilities,İdari Binalar,tr,https://files.catbox.moe/8eywrs.jpg
39.904584298966,32.7701382636587,Taşıt İşletme Müdürlüğü,office-of-transportation,İdari Binalar,tr,https://tim.metu.edu.tr/sites/tim.metu.edu.tr/files/slider/image/tim_webslider_1.jpg
39.904693,32.766788,Telefon İşletme Müdürlüğü,office-of-telephony,İdari Binalar,tr,
39.9062179818268,32.7700395583997,Trafik Amirliği,office-of-traffic,İdari Binalar,tr,
39.9042715491899,32.7706028222929,Yapı Bakım Müdürlüğü,office-of-building-maintenance,İdari Binalar,tr,https://ybm.metu.edu.tr/sites/ybm.metu.edu.tr/files/slider/image/ybm_webslider_2_0.png
39.904759,32.766992,Yapı İşleri Etüt-Proje Müdürlüğü,directorate-of-construction-and-technical-works-office-of-study-and-projects,İdari Binalar,tr,
39.9030287662352,32.7711882591029,Yapı İşleri Teknik Daire Başkanlığı,directorate-of-construction-and-technical-works,İdari Binalar,tr,https://files.catbox.moe/2g5chw.jpg
39.902963,32.771424,YİTDB Fen İşleri Müdürlüğü,directorate-of-science-affairs,İdari Binalar,tr,https://files.catbox.moe/w6m7c4.jpg
39.8944274319533,32.7820309996605,Akıllı Sınıf,smart-class,Konferans Salonları,tr,
39.89842780400649,32.78270843624796,Çobanoğlu Salonu,cobanoglu-hall,Konferans Salonları,tr,
39.8940652468247,32.7859497070312,Kültür Kongre Merkezi,cultural-and-convention-center,Konferans Salonları,tr,
39.896781588637424,32.78232103585651,Mimarlık Amfisi,architecture-auditorium-2,Konferans Salonları,tr,
39.892412752888724,32.78310808539118,MM-25 Amfisi,mm-25-auditorium,Konferans Salonları,tr,
39.89629594755003,32.78312337397438,Solmaz İzdemir Koferans Salonu,solmaz-izdemir-coference-hall,Konferans Salonları,tr,
39.89865827100249,32.77899742126465,Avrupa Dokümantasyon Merkezi,european-documentation-center,Kütüphaneler,tr,
39.898445,32.777089,Kütüphane Ek Salon,library-saloon,Kütüphaneler,tr,
39.8960407788199,32.7832245826721,Merkez Kütüphane,central-library,Kütüphaneler,tr,https://upload.wikimedia.org/wikipedia/commons/8/8e/METU_Library_-_14847345684.jpg
39.8990204318588,32.7791905403137,Muhan Soysal Kütüphanesi,muhan-soysal-library,Kütüphaneler,tr,
39.896246560128,32.7819693088531,Beşeri Bilimler Binası Derslikleri - B04,human-sciences-building,Derslikler,tr,
39.896246560128,32.7819693088531,Beşeri Bilimler Binası Derslikleri - B05,human-sciences-building,Derslikler,tr,
39.896246560128,32.7819693088531,Beşeri Bilimler Binası Derslikleri - B06,human-sciences-building,Derslikler,tr,
39.896246560128,32.7819693088531,Beşeri Bilimler Binası Derslikleri - B07,human-sciences-building,Derslikler,tr,
39.896246560128,32.7819693088531,Beşeri Bilimler Binası Derslikleri - B08,human-sciences-building,Derslikler,tr,
39.896246560128,32.7819693088531,Beşeri Bilimler Binası Derslikleri - B14,human-sciences-building,Derslikler,tr,
39.896246560128,32.7819693088531,Beşeri Bilimler Binası Derslikleri - B102,human-sciences-building,Derslikler,tr,
39.896246560128,32.7819693088531,Beşeri Bilimler Binası Derslikleri - B103,human-sciences-building,Derslikler,tr,
39.896246560128,32.7819693088531,Beşeri Bilimler Binası Derslikleri - B104,human-sciences-building,Derslikler,tr,
39.896246560128,32.7819693088531,Beşeri Bilimler Binası Derslikleri - B106,human-sciences-building,Derslikler,tr,
39.896246560128,32.7819693088531,Beşeri Bilimler Binası Derslikleri - B114,human-sciences-building,Derslikler,tr,
39.896246560128,32.7819693088531,Beşeri Bilimler Binası Derslikleri - B202,human-sciences-building,Derslikler,tr,
39.896246560128,32.7819693088531,Beşeri Bilimler Binası Derslikleri - B205A,human-sciences-building,Derslikler,tr,
39.896246560128,32.7819693088531,Beşeri Bilimler Binası Derslikleri - B205B,human-sciences-building,Derslikler,tr,
39.896246560128,32.7819693088531,Beşeri Bilimler Binası Derslikleri - B206,human-sciences-building,Derslikler,tr,
39.8915216655278,32.7833440303584,Bilgi İşlem Daire Başkanlığı Binası Derslikleri - BMB G102,computer-center-building-classrooms-bmb-g102,Derslikler,tr,
39.8919414864205,32.7831387519836,Bilgisayar Mühendisliği Bölümü Binası Derslikleri - BMB1,computer-engineering,Derslikler,tr,
39.8919414864205,32.7831387519836,Bilgisayar Mühendisliği Bölümü Binası Derslikleri - BMB2,computer-engineering,Derslikler,tr,
39.8919414864205,32.7831387519836,Bilgisayar Mühendisliği Bölümü Binası Derslikleri - BMB3,computer-engineering,Derslikler,tr,
39.8919414864205,32.7831387519836,Bilgisayar Mühendisliği Bölümü Binası Derslikleri - BMB4,computer-engineering,Derslikler,tr,
39.8919414864205,32.7831387519836,Bilgisayar Mühendisliği Bölümü Binası Derslikleri - BMB5,computer-engineering,Derslikler,tr,
39.8919414864205,32.7831387519836,Bilgisayar Mühendisliği Bölümü Binası Derslikleri - BMB A101,computer-engineering,Derslikler,tr,
39.9015884266627,32.773614406542,Bilgisayar ve Öğretim Teknolojileri Eğitimi Bölümü Binası Derslikleri - EFC104,computer-education-and-instructional-technology,Derslikler,tr,
39.9015884266627,32.773614406542,Bilgisayar ve Öğretim Teknolojileri Eğitimi Bölümü Binası Derslikleri - EFC109,computer-education-and-instructional-technology,Derslikler,tr,
39.9015884266627,32.773614406542,Bilgisayar ve Öğretim Teknolojileri Eğitimi Bölümü Binası Derslikleri - EFC111,computer-education-and-instructional-technology,Derslikler,tr,
39.9015884266627,32.773614406542,Bilgisayar ve Öğretim Teknolojileri Eğitimi Bölümü Binası Derslikleri - EFCLB1,computer-education-and-instructional-technology,Derslikler,tr,
39.9015884266627,32.773614406542,Bilgisayar ve Öğretim Teknolojileri Eğitimi Bölümü Binası Derslikleri - EFCLB2,computer-education-and-instructional-technology,Derslikler,tr,
39.9015884266627,32.773614406542,Bilgisayar ve Öğretim Teknolojileri Eğitimi Bölümü Binası Derslikleri - EFCLB3,computer-education-and-instructional-technology,Derslikler,tr,
39.9015884266627,32.773614406542,Bilgisayar ve Öğretim Teknolojileri Eğitimi Bölümü Binası Derslikleri - EFCSEMİNER,computer-education-and-instructional-technology,Derslikler,tr,
39.8957773778439,32.7800273895264,Biyolojik Bilimler Bölümü Binası Derslikleri - BIOZ03,biological-sciences,Derslikler,tr,
39.8957773778439,32.7800273895264,Biyolojik Bilimler Bölümü Binası Derslikleri - BIOZ04,biological-sciences,Derslikler,tr,
39.8957773778439,32.7800273895264,Biyolojik Bilimler Bölümü Binası Derslikleri - BIOZ05,biological-sciences,Derslikler,tr,
39.8957773778439,32.7800273895264,Biyolojik Bilimler Bölümü Binası Derslikleri - BIOZ06,biological-sciences,Derslikler,tr,
39.8957773778439,32.7800273895264,Biyolojik Bilimler Bölümü Binası Derslikleri - BIOZ07,biological-sciences,Derslikler,tr,
39.8957773778439,32.7800273895264,Biyolojik Bilimler Bölümü Binası Derslikleri - BIO104,biological-sciences,Derslikler,tr,
39.8957773778439,32.7800273895264,Biyolojik Bilimler Bölümü Binası Derslikleri - BIO213,biological-sciences,Derslikler,tr,
39.8957773778439,32.7800273895264,Biyolojik Bilimler Bölümü Binası Derslikleri - BIOLBZ08,biological-sciences,Derslikler,tr,
39.8957773778439,32.7800273895264,Biyolojik Bilimler Bölümü Binası Derslikleri - BIOLB103,biological-sciences,Derslikler,tr,
39.8957773778439,32.7800273895264,Biyolojik Bilimler Bölümü Binası Derslikleri - BIOLB107,biological-sciences,Derslikler,tr,
39.8869199307265,32.7831416129629,Çevre Mühendisliği Bölümü Binası Derslikleri - CZ01,environmental-engineering,Derslikler,tr,
39.8869199307265,32.7831416129629,Çevre Mühendisliği Bölümü Binası Derslikleri - CZ14,environmental-engineering,Derslikler,tr,
39.8869199307265,32.7831416129629,Çevre Mühendisliği Bölümü Binası Derslikleri - CZ17,environmental-engineering,Derslikler,tr,
39.8869199307265,32.7831416129629,Çevre Mühendisliği Bölümü Binası Derslikleri - CZ36,environmental-engineering,Derslikler,tr,
39.8869199307265,32.7831416129629,Çevre Mühendisliği Bölümü Binası Derslikleri - CZUnitLAB,environmental-engineering,Derslikler,tr,
39.8869199307265,32.7831416129629,Çevre Mühendisliği Bölümü Binası Derslikleri - CZMicroLAB,environmental-engineering,Derslikler,tr,
39.8869199307265,32.7831416129629,Çevre Mühendisliği Bölümü Binası Derslikleri - CZChemLab,environmental-engineering,Derslikler,tr,
39.9006665934468,32.7764253615896,Eğitim Fakültesi A Blok Binası Derslikleri - EFA01,education,Derslikler,tr,
39.9006665934468,32.7764253615896,Eğitim Fakültesi A Blok Binası Derslikleri - EFA10,education,Derslikler,tr,
39.9006665934468,32.7764253615896,Eğitim Fakültesi A Blok Binası Derslikleri - EFA11,education,Derslikler,tr,
39.9006665934468,32.7764253615896,Eğitim Fakültesi A Blok Binası Derslikleri - EFA12,education,Derslikler,tr,
39.9006665934468,32.7764253615896,Eğitim Fakültesi A Blok Binası Derslikleri - EFA12A,education,Derslikler,tr,
39.9006665934468,32.7764253615896,Eğitim Fakültesi A Blok Binası Derslikleri - EFA13,education,Derslikler,tr,
39.9006665934468,32.7764253615896,Eğitim Fakültesi A Blok Binası Derslikleri - EFA14,education,Derslikler,tr,
39.9006665934468,32.7764253615896,Eğitim Fakültesi A Blok Binası Derslikleri - EFA15,education,Derslikler,tr,
39.9006665934468,32.7764253615896,Eğitim Fakültesi A Blok Binası Derslikleri - EFA16,education,Derslikler,tr,
39.9006665934468,32.7764253615896,Eğitim Fakültesi A Blok Binası Derslikleri - EFA19,education,Derslikler,tr,
39.9006665934468,32.7764253615896,Eğitim Fakültesi A Blok Binası Derslikleri - EFA20,education,Derslikler,tr,
39.9006665934468,32.7764253615896,Eğitim Fakültesi A Blok Binası Derslikleri - EFA22,education,Derslikler,tr,
39.9006665934468,32.7764253615896,Eğitim Fakültesi A Blok Binası Derslikleri - EFA24,education,Derslikler,tr,
39.9006665934468,32.7764253615896,Eğitim Fakültesi A Blok Binası Derslikleri - EFA25,education,Derslikler,tr,
39.9006665934468,32.7764253615896,Eğitim Fakültesi A Blok Binası Derslikleri - EFA26,education,Derslikler,tr,
39.9006665934468,32.7764253615896,Eğitim Fakültesi A Blok Binası Derslikleri - EFA27,education,Derslikler,tr,
39.9006665934468,32.7764253615896,Eğitim Fakültesi A Blok Binası Derslikleri - EFA28,education,Derslikler,tr,
39.9006665934468,32.7764253615896,Eğitim Fakültesi A Blok Binası Derslikleri - EFA30,education,Derslikler,tr,
39.9006665934468,32.7764253615896,Eğitim Fakültesi A Blok Binası Derslikleri - EFA32,education,Derslikler,tr,
39.9006665934468,32.7764253615896,Eğitim Fakültesi A Blok Binası Derslikleri - EFA33,education,Derslikler,tr,
39.9006665934468,32.7764253615896,Eğitim Fakültesi A Blok Binası Derslikleri - EFA34,education,Derslikler,tr,
39.9006665934468,32.7764253615896,Eğitim Fakültesi A Blok Binası Derslikleri - EFA35,education,Derslikler,tr,
39.9006665934468,32.7764253615896,Eğitim Fakültesi A Blok Binası Derslikleri - EFA38,education,Derslikler,tr,
39.9006665934468,32.7764253615896,Eğitim Fakültesi A Blok Binası Derslikleri - EFA300,education,Derslikler,tr,
39.9006665934468,32.7764253615896,Eğitim Fakültesi A Blok Binası Derslikleri - EFA307,education,Derslikler,tr,
39.9006665934468,32.7764253615896,Eğitim Fakültesi A Blok Binası Derslikleri - EFLAB,education,Derslikler,tr,
39.9006665934468,32.7764253615896,Eğitim Fakültesi A Blok Binası Derslikleri - SEMINER406,education,Derslikler,tr,
39.900472,32.776767,Eğitim Fakültesi D Blok Binası Derslikleri - EFD10,education-b-block-building-classrooms-efd10,Derslikler,tr,
39.900472,32.776767,Eğitim Fakültesi D Blok Binası Derslikleri - EFD11,education-b-block-building-classrooms-efd10,Derslikler,tr,
39.900472,32.776767,Eğitim Fakültesi D Blok Binası Derslikleri - EFD12,education-b-block-building-classrooms-efd10,Derslikler,tr,
39.900472,32.776767,Eğitim Fakültesi D Blok Binası Derslikleri - EFD13,education-b-block-building-classrooms-efd10,Derslikler,tr,
39.900472,32.776767,Eğitim Fakültesi D Blok Binası Derslikleri - EFD14,education-b-block-building-classrooms-efd10,Derslikler,tr,
39.900472,32.776767,Eğitim Fakültesi D Blok Binası Derslikleri - EFD15,education-b-block-building-classrooms-efd10,Derslikler,tr,
39.900472,32.776767,Eğitim Fakültesi D Blok Binası Derslikleri - EFD101,education-b-block-building-classrooms-efd10,Derslikler,tr,
39.900472,32.776767,Eğitim Fakültesi D Blok Binası Derslikleri - EFD102,education-b-block-building-classrooms-efd10,Derslikler,tr,
39.900472,32.776767,Eğitim Fakültesi D Blok Binası Derslikleri - EFD103,education-b-block-building-classrooms-efd10,Derslikler,tr,
39.900472,32.776767,Eğitim Fakültesi D Blok Binası Derslikleri - EFD104,education-b-block-building-classrooms-efd10,Derslikler,tr,
39.900472,32.776767,Eğitim Fakültesi D Blok Binası Derslikleri - EFD105,education-b-block-building-classrooms-efd10,Derslikler,tr,
39.900472,32.776767,Eğitim Fakültesi D Blok Binası Derslikleri - EFD106,education-b-block-building-classrooms-efd10,Derslikler,tr,
39.900472,32.776767,Eğitim Fakültesi D Blok Binası Derslikleri - EFD201,education-b-block-building-classrooms-efd10,Derslikler,tr,
39.900472,32.776767,Eğitim Fakültesi D Blok Binası Derslikleri - EFD202,education-b-block-building-classrooms-efd10,Derslikler,tr,
39.900472,32.776767,Eğitim Fakültesi D Blok Binası Derslikleri - EFD203,education-b-block-building-classrooms-efd10,Derslikler,tr,
39.900472,32.776767,Eğitim Fakültesi D Blok Binası Derslikleri - EFD204,education-b-block-building-classrooms-efd10,Derslikler,tr,
39.900472,32.776767,Eğitim Fakültesi D Blok Binası Derslikleri - EFD205,education-b-block-building-classrooms-efd10,Derslikler,tr,
39.900472,32.776767,Eğitim Fakültesi D Blok Binası Derslikleri - EFD206,education-b-block-building-classrooms-efd10,Derslikler,tr,
39.890451,32.782651,Elektrik ve Elektronik Mühendisliği Bölümü A Blok Binası Derslikleri - EA202,electrical-and-electronics-engineering-a-block-building-classrooms-ea202,Derslikler,tr,
39.890451,32.782651,Elektrik ve Elektronik Mühendisliği Bölümü A Blok Binası Derslikleri - EA206,electrical-and-electronics-engineering-a-block-building-classrooms-ea202,Derslikler,tr,
39.890451,32.782651,Elektrik ve Elektronik Mühendisliği Bölümü A Blok Binası Derslikleri - EA207,electrical-and-electronics-engineering-a-block-building-classrooms-ea202,Derslikler,tr,
39.890451,32.782651,Elektrik ve Elektronik Mühendisliği Bölümü A Blok Binası Derslikleri - EA208,electrical-and-electronics-engineering-a-block-building-classrooms-ea202,Derslikler,tr,
39.890451,32.782651,Elektrik ve Elektronik Mühendisliği Bölümü A Blok Binası Derslikleri - EA209,electrical-and-electronics-engineering-a-block-building-classrooms-ea202,Derslikler,tr,
39.890451,32.782651,Elektrik ve Elektronik Mühendisliği Bölümü A Blok Binası Derslikleri - EA211,electrical-and-electronics-engineering-a-block-building-classrooms-ea202,Derslikler,tr,
39.890451,32.782651,Elektrik ve Elektronik Mühendisliği Bölümü A Blok Binası Derslikleri - EA306,electrical-and-electronics-engineering-a-block-building-classrooms-ea202,Derslikler,tr,
39.890451,32.782651,Elektrik ve Elektronik Mühendisliği Bölümü A Blok Binası Derslikleri - EA307,electrical-and-electronics-engineering-a-block-building-classrooms-ea202,Derslikler,tr,
39.890451,32.782651,Elektrik ve Elektronik Mühendisliği Bölümü A Blok Binası Derslikleri - EA310,electrical-and-electronics-engineering-a-block-building-classrooms-ea202,Derslikler,tr,
39.890451,32.782651,Elektrik ve Elektronik Mühendisliği Bölümü A Blok Binası Derslikleri - EA312,electrical-and-electronics-engineering-a-block-building-classrooms-ea202,Derslikler,tr,
39.8914640428517,32.7821838855743,Elektrik ve Elektronik Mühendisliği Bölümü D Blok Binası Derslikleri - D131,electrical-and-electronics-engineering,Derslikler,tr,
39.8914640428517,32.7821838855743,Elektrik ve Elektronik Mühendisliği Bölümü D Blok Binası Derslikleri - D134,electrical-and-electronics-engineering,Derslikler,tr,
39.8914640428517,32.7821838855743,Elektrik ve Elektronik Mühendisliği Bölümü D Blok Binası Derslikleri - D135,electrical-and-electronics-engineering,Derslikler,tr,
39.8924189266637,32.7819600105067,Endüstri Mühendisliği Bölümü Binası Derslikleri - IE03,industrial-engineering,Derslikler,tr,
39.8924189266637,32.7819600105067,Endüstri Mühendisliği Bölümü Binası Derslikleri - IE04,industrial-engineering,Derslikler,tr,
39.8924189266637,32.7819600105067,Endüstri Mühendisliği Bölümü Binası Derslikleri - IE102,industrial-engineering,Derslikler,tr,
39.8924189266637,32.7819600105067,Endüstri Mühendisliği Bölümü Binası Derslikleri - IE103,industrial-engineering,Derslikler,tr,
39.8924189266637,32.7819600105067,Endüstri Mühendisliği Bölümü Binası Derslikleri - IE104,industrial-engineering,Derslikler,tr,
39.8924189266637,32.7819600105067,Endüstri Mühendisliği Bölümü Binası Derslikleri - IE105,industrial-engineering,Derslikler,tr,
39.8924189266637,32.7819600105067,Endüstri Mühendisliği Bölümü Binası Derslikleri - IE106,industrial-engineering,Derslikler,tr,
39.8924189266637,32.7819600105067,Endüstri Mühendisliği Bölümü Binası Derslikleri - IE227,industrial-engineering,Derslikler,tr,
39.8924189266637,32.7819600105067,Endüstri Mühendisliği Bölümü Binası Derslikleri - IE301,industrial-engineering,Derslikler,tr,
39.8924189266637,32.7819600105067,Endüstri Mühendisliği Bölümü Binası Derslikleri - IE306,industrial-engineering,Derslikler,tr,
39.8924189266637,32.7819600105067,Endüstri Mühendisliği Bölümü Binası Derslikleri - IELAB01,industrial-engineering,Derslikler,tr,
39.8924189266637,32.7819600105067,Endüstri Mühendisliği Bölümü Binası Derslikleri - IELAB02,industrial-engineering,Derslikler,tr,
39.8922542924728,32.7780561446707,Enformatik Enstitüsü Binası Derslikleri - ENF.LAB.,informatics-institute,Derslikler,tr,
39.8922542924728,32.7780561446707,Enformatik Enstitüsü Binası Derslikleri - II01,informatics-institute,Derslikler,tr,
39.8922542924728,32.7780561446707,Enformatik Enstitüsü Binası Derslikleri - II02,informatics-institute,Derslikler,tr,
39.8922542924728,32.7780561446707,Enformatik Enstitüsü Binası Derslikleri - II03,informatics-institute,Derslikler,tr,
39.8922542924728,32.7780561446707,Enformatik Enstitüsü Binası Derslikleri - II04,informatics-institute,Derslikler,tr,
39.8922542924728,32.7780561446707,Enformatik Enstitüsü Binası Derslikleri - II05,informatics-institute,Derslikler,tr,
39.8922542924728,32.7780561446707,Enformatik Enstitüsü Binası Derslikleri - II06,informatics-institute,Derslikler,tr,
39.8922542924728,32.7780561446707,Enformatik Enstitüsü Binası Derslikleri - II07,informatics-institute,Derslikler,tr,
39.894553,32.78253,Fen Edebiyat Fakültesi Binası Derslikleri - S209,arts-and-sciences,Derslikler,tr,
39.8942874970168,32.7818191051483,Fizik Bölümü Binası Derslikleri - C.ERG.SEM.,physics,Derslikler,tr,
39.8942874970168,32.7818191051483,Fizik Bölümü Binası Derslikleri - P1,physics,Derslikler,tr,
39.8942874970168,32.7818191051483,Fizik Bölümü Binası Derslikleri - P2,physics,Derslikler,tr,
39.8942874970168,32.7818191051483,Fizik Bölümü Binası Derslikleri - P3,physics,Derslikler,tr,
39.8942874970168,32.7818191051483,Fizik Bölümü Binası Derslikleri - P4,physics,Derslikler,tr,
39.8942874970168,32.7818191051483,Fizik Bölümü Binası Derslikleri - P5,physics,Derslikler,tr,
39.8942874970168,32.7818191051483,Fizik Bölümü Binası Derslikleri - P6,physics,Derslikler,tr,
39.8942874970168,32.7818191051483,Fizik Bölümü Binası Derslikleri - P7,physics,Derslikler,tr,
39.8942874970168,32.7818191051483,Fizik Bölümü Binası Derslikleri - P250,physics,Derslikler,tr,
39.8942874970168,32.7818191051483,Fizik Bölümü Binası Derslikleri - P350,physics,Derslikler,tr,
39.8942874970168,32.7818191051483,Fizik Bölümü Binası Derslikleri - P421,physics,Derslikler,tr,
39.8942874970168,32.7818191051483,Fizik Bölümü Binası Derslikleri - P422,physics,Derslikler,tr,
39.8942874970168,32.7818191051483,Fizik Bölümü Binası Derslikleri - P436,physics,Derslikler,tr,
39.8942874970168,32.7818191051483,Fizik Bölümü Binası Derslikleri - S208,physics,Derslikler,tr,
39.8942874970168,32.7818191051483,Fizik Bölümü Binası Derslikleri - S209,physics,Derslikler,tr,
39.8942874970168,32.7818191051483,Fizik Bölümü Binası Derslikleri - LAB1,physics,Derslikler,tr,
39.8942874970168,32.7818191051483,Fizik Bölümü Binası Derslikleri - LAB3,physics,Derslikler,tr,
39.8942874970168,32.7818191051483,Fizik Bölümü Binası Derslikleri - LAB4,physics,Derslikler,tr,
39.8942874970168,32.7818191051483,Fizik Bölümü Binası Derslikleri - LAB16,physics,Derslikler,tr,
39.8942874970168,32.7818191051483,Fizik Bölümü Binası Derslikleri - LAB17,physics,Derslikler,tr,
39.8942874970168,32.7818191051483,Fizik Bölümü Binası Derslikleri - LAB21,physics,Derslikler,tr,
39.8942874970168,32.7818191051483,Fizik Bölümü Binası Derslikleri - LAB22,physics,Derslikler,tr,
39.8942874970168,32.7818191051483,Fizik Bölümü Binası Derslikleri - LAB26,physics,Derslikler,tr,
39.8942874970168,32.7818191051483,Fizik Bölümü Binası Derslikleri - LAB31,physics,Derslikler,tr,
39.8942874970168,32.7818191051483,Fizik Bölümü Binası Derslikleri - LAB32,physics,Derslikler,tr,
39.8942874970168,32.7818191051483,Fizik Bölümü Binası Derslikleri - E.İNÖNÜ SL.,physics,Derslikler,tr,
39.8942874970168,32.7818191051483,Fizik Bölümü Binası Derslikleri - AKILLI S.,physics,Derslikler,tr,
39.8942874970168,32.7818191051483,Fizik Bölümü Binası Derslikleri - Z38,physics,Derslikler,tr,
39.8950406728641,32.7825647592545,Fizik Bölümü Üçlü Amfi Binası Derslikleri - U1,physics-u-auditorium-classrooms-u1,Derslikler,tr,
39.8950406728641,32.7825647592545,Fizik Bölümü Üçlü Amfi Binası Derslikleri - U2,physics-u-auditorium-classrooms-u1,Derslikler,tr,
39.8950406728641,32.7825647592545,Fizik Bölümü Üçlü Amfi Binası Derslikleri - U3,physics-u-auditorium-classrooms-u1,Derslikler,tr,
39.8876443745811,32.7790861129324,Gıda Mühendisliği Bölümü Binası Derslikleri - FOOD.AUD,food-engineering,Derslikler,tr,
39.8876443745811,32.7790861129324,Gıda Mühendisliği Bölümü Binası Derslikleri - FD1,food-engineering,Derslikler,tr,
39.8876443745811,32.7790861129324,Gıda Mühendisliği Bölümü Binası Derslikleri - FD3,food-engineering,Derslikler,tr,
39.8876443745811,32.7790861129324,Gıda Mühendisliği Bölümü Binası Derslikleri - FD4,food-engineering,Derslikler,tr,
39.884664227,32.7782063483755,Havacılık ve Uzay Mühendisliği Bölümü Binası Derslikleri - AE024,aerospace-engineering,Derslikler,tr,
39.884664227,32.7782063483755,Havacılık ve Uzay Mühendisliği Bölümü Binası Derslikleri - AE025,aerospace-engineering,Derslikler,tr,
39.884664227,32.7782063483755,Havacılık ve Uzay Mühendisliği Bölümü Binası Derslikleri - AE026,aerospace-engineering,Derslikler,tr,
39.884664227,32.7782063483755,Havacılık ve Uzay Mühendisliği Bölümü Binası Derslikleri - AE122,aerospace-engineering,Derslikler,tr,
39.884664227,32.7782063483755,Havacılık ve Uzay Mühendisliği Bölümü Binası Derslikleri - AE124,aerospace-engineering,Derslikler,tr,
39.884664227,32.7782063483755,Havacılık ve Uzay Mühendisliği Bölümü Binası Derslikleri - AE125,aerospace-engineering,Derslikler,tr,
39.884664227,32.7782063483755,Havacılık ve Uzay Mühendisliği Bölümü Binası Derslikleri - AE126,aerospace-engineering,Derslikler,tr,
39.884664227,32.7782063483755,Havacılık ve Uzay Mühendisliği Bölümü Binası Derslikleri - AE128,aerospace-engineering,Derslikler,tr,
39.8983125702178,32.7827417850494,İktisadi ve İdari Bilimler Fakültesi A Binası Derslikleri - A200,economic-and-administrative-sciences-1,Derslikler,tr,
39.8983125702178,32.7827417850494,İktisadi ve İdari Bilimler Fakültesi A Binası Derslikleri - F.AUD,economic-and-administrative-sciences-1,Derslikler,tr,
39.8983125702178,32.7827417850494,İktisadi ve İdari Bilimler Fakültesi A Binası Derslikleri - F14,economic-and-administrative-sciences-1,Derslikler,tr,
39.8983125702178,32.7827417850494,İktisadi ve İdari Bilimler Fakültesi A Binası Derslikleri - F15,economic-and-administrative-sciences-1,Derslikler,tr,
39.8983125702178,32.7827417850494,İktisadi ve İdari Bilimler Fakültesi A Binası Derslikleri - F16,economic-and-administrative-sciences-1,Derslikler,tr,
39.8983125702178,32.7827417850494,İktisadi ve İdari Bilimler Fakültesi A Binası Derslikleri - F17,economic-and-administrative-sciences-1,Derslikler,tr,
39.8983125702178,32.7827417850494,İktisadi ve İdari Bilimler Fakültesi A Binası Derslikleri - F19,economic-and-administrative-sciences-1,Derslikler,tr,
39.8983125702178,32.7827417850494,İktisadi ve İdari Bilimler Fakültesi A Binası Derslikleri - F104,economic-and-administrative-sciences-1,Derslikler,tr,
39.8983125702178,32.7827417850494,İktisadi ve İdari Bilimler Fakültesi A Binası Derslikleri - F106,economic-and-administrative-sciences-1,Derslikler,tr,
39.8983125702178,32.7827417850494,İktisadi ve İdari Bilimler Fakültesi A Binası Derslikleri - F108,economic-and-administrative-sciences-1,Derslikler,tr,
39.8983125702178,32.7827417850494,İktisadi ve İdari Bilimler Fakültesi A Binası Derslikleri - F109,economic-and-administrative-sciences-1,Derslikler,tr,
39.8983125702178,32.7827417850494,İktisadi ve İdari Bilimler Fakültesi A Binası Derslikleri - FZ08,economic-and-administrative-sciences-1,Derslikler,tr,
39.8983125702178,32.7827417850494,İktisadi ve İdari Bilimler Fakültesi A Binası Derslikleri - FZ09,economic-and-administrative-sciences-1,Derslikler,tr,
39.8983125702178,32.7827417850494,İktisadi ve İdari Bilimler Fakültesi A Binası Derslikleri - FZ14,economic-and-administrative-sciences-1,Derslikler,tr,
39.8983125702178,32.7827417850494,İktisadi ve İdari Bilimler Fakültesi A Binası Derslikleri - FZ15,economic-and-administrative-sciences-1,Derslikler,tr,
39.8983125702178,32.7827417850494,İktisadi ve İdari Bilimler Fakültesi A Binası Derslikleri - FZ16,economic-and-administrative-sciences-1,Derslikler,tr,
39.8983125702178,32.7827417850494,İktisadi ve İdari Bilimler Fakültesi A Binası Derslikleri - FZ17,economic-and-administrative-sciences-1,Derslikler,tr,
39.8983125702178,32.7827417850494,İktisadi ve İdari Bilimler Fakültesi A Binası Derslikleri - FZ19,economic-and-administrative-sciences-1,Derslikler,tr,
39.8989051990667,32.7784931659698,İktisadi ve İdari Bilimler Fakültesi B Binası Derslikleri - G101,economic-and-administrative-sciences-2,Derslikler,tr,
39.8989051990667,32.7784931659698,İktisadi ve İdari Bilimler Fakültesi B Binası Derslikleri - G102,economic-and-administrative-sciences-2,Derslikler,tr,
39.8989051990667,32.7784931659698,İktisadi ve İdari Bilimler Fakültesi B Binası Derslikleri - G104,economic-and-administrative-sciences-2,Derslikler,tr,
39.8989051990667,32.7784931659698,İktisadi ve İdari Bilimler Fakültesi B Binası Derslikleri - G106,economic-and-administrative-sciences-2,Derslikler,tr,
39.8989051990667,32.7784931659698,İktisadi ve İdari Bilimler Fakültesi B Binası Derslikleri - G107,economic-and-administrative-sciences-2,Derslikler,tr,
39.8989051990667,32.7784931659698,İktisadi ve İdari Bilimler Fakültesi B Binası Derslikleri - G108,economic-and-administrative-sciences-2,Derslikler,tr,
39.8989051990667,32.7784931659698,İktisadi ve İdari Bilimler Fakültesi B Binası Derslikleri - G109,economic-and-administrative-sciences-2,Derslikler,tr,
39.8989051990667,32.7784931659698,İktisadi ve İdari Bilimler Fakültesi B Binası Derslikleri - G110,economic-and-administrative-sciences-2,Derslikler,tr,
39.8989051990667,32.7784931659698,İktisadi ve İdari Bilimler Fakültesi B Binası Derslikleri - G111,economic-and-administrative-sciences-2,Derslikler,tr,
39.8989051990667,32.7784931659698,İktisadi ve İdari Bilimler Fakültesi B Binası Derslikleri - G166,economic-and-administrative-sciences-2,Derslikler,tr,
39.8989051990667,32.7784931659698,İktisadi ve İdari Bilimler Fakültesi B Binası Derslikleri - G167,economic-and-administrative-sciences-2,Derslikler,tr,
39.8989051990667,32.7784931659698,İktisadi ve İdari Bilimler Fakültesi B Binası Derslikleri - G168,economic-and-administrative-sciences-2,Derslikler,tr,
39.8989051990667,32.7784931659698,İktisadi ve İdari Bilimler Fakültesi B Binası Derslikleri - G169,economic-and-administrative-sciences-2,Derslikler,tr,
39.8989051990667,32.7784931659698,İktisadi ve İdari Bilimler Fakültesi B Binası Derslikleri - G201,economic-and-administrative-sciences-2,Derslikler,tr,
39.8989051990667,32.7784931659698,İktisadi ve İdari Bilimler Fakültesi B Binası Derslikleri - G202,economic-and-administrative-sciences-2,Derslikler,tr,
39.8989051990667,32.7784931659698,İktisadi ve İdari Bilimler Fakültesi B Binası Derslikleri - G204,economic-and-administrative-sciences-2,Derslikler,tr,
39.8989051990667,32.7784931659698,İktisadi ve İdari Bilimler Fakültesi B Binası Derslikleri - G206,economic-and-administrative-sciences-2,Derslikler,tr,
39.8989051990667,32.7784931659698,İktisadi ve İdari Bilimler Fakültesi B Binası Derslikleri - G207,economic-and-administrative-sciences-2,Derslikler,tr,
39.8989051990667,32.7784931659698,İktisadi ve İdari Bilimler Fakültesi B Binası Derslikleri - G208,economic-and-administrative-sciences-2,Derslikler,tr,
39.8989051990667,32.7784931659698,İktisadi ve İdari Bilimler Fakültesi B Binası Derslikleri - G209,economic-and-administrative-sciences-2,Derslikler,tr,
39.8989051990667,32.7784931659698,İktisadi ve İdari Bilimler Fakültesi B Binası Derslikleri - G266,economic-and-administrative-sciences-2,Derslikler,tr,
39.8989051990667,32.7784931659698,İktisadi ve İdari Bilimler Fakültesi B Binası Derslikleri - G268,economic-and-administrative-sciences-2,Derslikler,tr,
39.8989051990667,32.7784931659698,İktisadi ve İdari Bilimler Fakültesi B Binası Derslikleri - SİNEVİZYON,economic-and-administrative-sciences-2,Derslikler,tr,
39.8905009138078,32.7836766242763,İnşaat Mühendisliği Bölümü Binası Derslikleri - CELAB01,civil-engineering-k1-building,Derslikler,tr,
39.8905009138078,32.7836766242763,İnşaat Mühendisliği Bölümü Binası Derslikleri - CELAB02,civil-engineering-k1-building,Derslikler,tr,
39.8905009138078,32.7836766242763,İnşaat Mühendisliği Bölümü Binası Derslikleri - CES1,civil-engineering-k1-building,Derslikler,tr,
39.8905009138078,32.7836766242763,İnşaat Mühendisliği Bölümü Binası Derslikleri - CES2,civil-engineering-k1-building,Derslikler,tr,
39.8905009138078,32.7836766242763,İnşaat Mühendisliği Bölümü Binası Derslikleri - CES3,civil-engineering-k1-building,Derslikler,tr,
39.8905009138078,32.7836766242763,İnşaat Mühendisliği Bölümü Binası Derslikleri - DR1,civil-engineering-k1-building,Derslikler,tr,
39.8905009138078,32.7836766242763,İnşaat Mühendisliği Bölümü Binası Derslikleri - DR2,civil-engineering-k1-building,Derslikler,tr,
39.8905009138078,32.7836766242763,İnşaat Mühendisliği Bölümü Binası Derslikleri - K2LB106,civil-engineering-k1-building,Derslikler,tr,
39.8905009138078,32.7836766242763,İnşaat Mühendisliği Bölümü Binası Derslikleri - K2LB107,civil-engineering-k1-building,Derslikler,tr,
39.8905009138078,32.7836766242763,İnşaat Mühendisliği Bölümü Binası Derslikleri - K3LB101,civil-engineering-k1-building,Derslikler,tr,
39.8905009138078,32.7836766242763,İnşaat Mühendisliği Bölümü Binası Derslikleri - K3LB102,civil-engineering-k1-building,Derslikler,tr,
39.8905009138078,32.7836766242763,İnşaat Mühendisliği Bölümü Binası Derslikleri - K4LBWRL,civil-engineering-k1-building,Derslikler,tr,
39.8905009138078,32.7836766242763,İnşaat Mühendisliği Bölümü Binası Derslikleri - K5LBCHL,civil-engineering-k1-building,Derslikler,tr,
39.8905009138078,32.7836766242763,İnşaat Mühendisliği Bölümü Binası Derslikleri - TH1,civil-engineering-k1-building,Derslikler,tr,
39.8905009138078,32.7836766242763,İnşaat Mühendisliği Bölümü Binası Derslikleri - TH2,civil-engineering-k1-building,Derslikler,tr,
39.8905009138078,32.7836766242763,İnşaat Mühendisliği Bölümü Binası Derslikleri - TH3,civil-engineering-k1-building,Derslikler,tr,
39.8905009138078,32.7836766242763,İnşaat Mühendisliği Bölümü Binası Derslikleri - TH4,civil-engineering-k1-building,Derslikler,tr,
39.8905009138078,32.7836766242763,İnşaat Mühendisliği Bölümü Binası Derslikleri - TH5,civil-engineering-k1-building,Derslikler,tr,
39.8905009138078,32.7836766242763,İnşaat Mühendisliği Bölümü Binası Derslikleri - TH6,civil-engineering-k1-building,Derslikler,tr,
39.8905009138078,32.7836766242763,İnşaat Mühendisliği Bölümü Binası Derslikleri - TH7,civil-engineering-k1-building,Derslikler,tr,
39.8905009138078,32.7836766242763,İnşaat Mühendisliği Bölümü Binası Derslikleri - TH8,civil-engineering-k1-building,Derslikler,tr,
39.8905009138078,32.7836766242763,İnşaat Mühendisliği Bölümü Binası Derslikleri - TL,civil-engineering-k1-building,Derslikler,tr,
39.886113154697,32.7814893722098,Jeoloji Mühendisliği Bölümü Binası Derslikleri - GR125,geological-engineering,Derslikler,tr,
39.886113154697,32.7814893722098,Jeoloji Mühendisliği Bölümü Binası Derslikleri - GR126,geological-engineering,Derslikler,tr,
39.886113154697,32.7814893722098,Jeoloji Mühendisliği Bölümü Binası Derslikleri - GR218,geological-engineering,Derslikler,tr,
39.886113154697,32.7814893722098,Jeoloji Mühendisliği Bölümü Binası Derslikleri - GR219,geological-engineering,Derslikler,tr,
39.886113154697,32.7814893722098,Jeoloji Mühendisliği Bölümü Binası Derslikleri - GR220,geological-engineering,Derslikler,tr,
39.886113154697,32.7814893722098,Jeoloji Mühendisliği Bölümü Binası Derslikleri - GR224,geological-engineering,Derslikler,tr,
39.886113154697,32.7814893722098,Jeoloji Mühendisliği Bölümü Binası Derslikleri - GR236,geological-engineering,Derslikler,tr,
39.886113154697,32.7814893722098,Jeoloji Mühendisliği Bölümü Binası Derslikleri - GR301,geological-engineering,Derslikler,tr,
39.886113154697,32.7814893722098,Jeoloji Mühendisliği Bölümü Binası Derslikleri - GR302,geological-engineering,Derslikler,tr,
39.886113154697,32.7814893722098,Jeoloji Mühendisliği Bölümü Binası Derslikleri - GR303,geological-engineering,Derslikler,tr,
39.8931597756297,32.7828919887543,Kimya Bölümü Binası Derslikleri - AKLB104,chemistry,Derslikler,tr,
39.8931597756297,32.7828919887543,Kimya Bölümü Binası Derslikleri - FKLB31,chemistry,Derslikler,tr,
39.8931597756297,32.7828919887543,Kimya Bölümü Binası Derslikleri - GKLB32,chemistry,Derslikler,tr,
39.8931597756297,32.7828919887543,Kimya Bölümü Binası Derslikleri - İKLB32,chemistry,Derslikler,tr,
39.8931597756297,32.7828919887543,Kimya Bölümü Binası Derslikleri - K.AUD,chemistry,Derslikler,tr,
39.8931597756297,32.7828919887543,Kimya Bölümü Binası Derslikleri - K05,chemistry,Derslikler,tr,
39.8931597756297,32.7828919887543,Kimya Bölümü Binası Derslikleri - K06,chemistry,Derslikler,tr,
39.8931597756297,32.7828919887543,Kimya Bölümü Binası Derslikleri - K07,chemistry,Derslikler,tr,
39.8931597756297,32.7828919887543,Kimya Bölümü Binası Derslikleri - K08,chemistry,Derslikler,tr,
39.8931597756297,32.7828919887543,Kimya Bölümü Binası Derslikleri - K09,chemistry,Derslikler,tr,
39.8931597756297,32.7828919887543,Kimya Bölümü Binası Derslikleri - K11,chemistry,Derslikler,tr,
39.8931597756297,32.7828919887543,Kimya Bölümü Binası Derslikleri - K15,chemistry,Derslikler,tr,
39.8931597756297,32.7828919887543,Kimya Bölümü Binası Derslikleri - OKLB37,chemistry,Derslikler,tr,
39.8931597756297,32.7828919887543,Kimya Bölümü Binası Derslikleri - PSTLAB44,chemistry,Derslikler,tr,
39.8931597756297,32.7828919887543,Kimya Bölümü Binası Derslikleri - STATLB,chemistry,Derslikler,tr,
39.8884264360583,32.7824857234737,Kimya Mühendisliği Bölümü Binası Derslikleri - Z14,chemical-engineering-d-block,Derslikler,tr,
39.8884264360583,32.7824857234737,Kimya Mühendisliği Bölümü Binası Derslikleri - Z15A,chemical-engineering-d-block,Derslikler,tr,
39.8884264360583,32.7824857234737,Kimya Mühendisliği Bölümü Binası Derslikleri - Z15B,chemical-engineering-d-block,Derslikler,tr,
39.8884264360583,32.7824857234737,Kimya Mühendisliği Bölümü Binası Derslikleri - Z16,chemical-engineering-d-block,Derslikler,tr,
39.8884264360583,32.7824857234737,Kimya Mühendisliği Bölümü Binası Derslikleri - Z17,chemical-engineering-d-block,Derslikler,tr,
39.8884264360583,32.7824857234737,Kimya Mühendisliği Bölümü Binası Derslikleri - Z116,chemical-engineering-d-block,Derslikler,tr,
39.8884264360583,32.7824857234737,Kimya Mühendisliği Bölümü Binası Derslikleri - Z117,chemical-engineering-d-block,Derslikler,tr,
39.8884264360583,32.7824857234737,Kimya Mühendisliği Bölümü Binası Derslikleri - Z118,chemical-engineering-d-block,Derslikler,tr,
39.8884264360583,32.7824857234737,"Kimya Mühendisliği Bölümü Binası Derslikleri - Z119,Z120",chemical-engineering-d-block,Derslikler,tr,
39.8884264360583,32.7824857234737,Kimya Mühendisliği Bölümü Binası Derslikleri - Z121,chemical-engineering-d-block,Derslikler,tr,
39.8858167856079,32.7805237769644,Maden Mühendisliği Bölümü Binası Derslikleri - MN.AUD,mining-engineering,Derslikler,tr,
39.8858167856079,32.7805237769644,Maden Mühendisliği Bölümü Binası Derslikleri - MN102,mining-engineering,Derslikler,tr,
39.8858167856079,32.7805237769644,Maden Mühendisliği Bölümü Binası Derslikleri - MN103,mining-engineering,Derslikler,tr,
39.8858167856079,32.7805237769644,Maden Mühendisliği Bölümü Binası Derslikleri - MN104,mining-engineering,Derslikler,tr,
39.8858167856079,32.7805237769644,Maden Mühendisliği Bölümü Binası Derslikleri - MN105,mining-engineering,Derslikler,tr,
39.8858167856079,32.7805237769644,Maden Mühendisliği Bölümü Binası Derslikleri - MN113,mining-engineering,Derslikler,tr,
39.8858167856079,32.7805237769644,Maden Mühendisliği Bölümü Binası Derslikleri - MN123,mining-engineering,Derslikler,tr,
39.8890109182842,32.7823247909328,Makina Mühendisliği B Blok Binası Derslikleri - MEB101,mechanical-engineering-b-block,Derslikler,tr,
39.8890109182842,32.7823247909328,Makina Mühendisliği B Blok Binası Derslikleri - MEB102,mechanical-engineering-b-block,Derslikler,tr,
39.8890109182842,32.7823247909328,Makina Mühendisliği B Blok Binası Derslikleri - MEB103,mechanical-engineering-b-block,Derslikler,tr,
39.8890109182842,32.7823247909328,Makina Mühendisliği B Blok Binası Derslikleri - MEB202,mechanical-engineering-b-block,Derslikler,tr,
39.8890109182842,32.7823247909328,Makina Mühendisliği B Blok Binası Derslikleri - MEB203,mechanical-engineering-b-block,Derslikler,tr,
39.8890109182842,32.7823247909328,Makina Mühendisliği B Blok Binası Derslikleri - MEB204,mechanical-engineering-b-block,Derslikler,tr,
39.8890109182842,32.7823247909328,Makina Mühendisliği B Blok Binası Derslikleri - MEB206,mechanical-engineering-b-block,Derslikler,tr,
39.8890109182842,32.7823247909328,Makina Mühendisliği B Blok Binası Derslikleri - MEB207,mechanical-engineering-b-block,Derslikler,tr,
39.8890109182842,32.7823247909328,Makina Mühendisliği B Blok Binası Derslikleri - MELAB01,mechanical-engineering-b-block,Derslikler,tr,
39.8890109182842,32.7823247909328,Makina Mühendisliği B Blok Binası Derslikleri - MELAB02,mechanical-engineering-b-block,Derslikler,tr,
39.8901140120058,32.780200481393,Makina Mühendisliği D Blok Binası Derslikleri - MED101,mechanical-engineering-d-block,Derslikler,tr,
39.8901140120058,32.780200481393,Makina Mühendisliği D Blok Binası Derslikleri - MED107,mechanical-engineering-d-block,Derslikler,tr,
39.8901140120058,32.780200481393,Makina Mühendisliği D Blok Binası Derslikleri - MED109,mechanical-engineering-d-block,Derslikler,tr,
39.8901140120058,32.780200481393,Makina Mühendisliği D Blok Binası Derslikleri - MED111,mechanical-engineering-d-block,Derslikler,tr,
39.8901140120058,32.780200481393,Makina Mühendisliği D Blok Binası Derslikleri - MED113,mechanical-engineering-d-block,Derslikler,tr,
39.8889285971455,32.7803721427699,Makina Mühendisliği G Blok Binası Derslikleri - MEG101,mechanical-engineering-g-block,Derslikler,tr,
39.8889285971455,32.7803721427699,Makina Mühendisliği G Blok Binası Derslikleri - MEG102,mechanical-engineering-g-block,Derslikler,tr,
39.8889285971455,32.7803721427699,Makina Mühendisliği G Blok Binası Derslikleri - MEG103,mechanical-engineering-g-block,Derslikler,tr,
39.8889285971455,32.7803721427699,Makina Mühendisliği G Blok Binası Derslikleri - MEG108,mechanical-engineering-g-block,Derslikler,tr,
39.8889285971455,32.7803721427699,Makina Mühendisliği G Blok Binası Derslikleri - MEG201,mechanical-engineering-g-block,Derslikler,tr,
39.8889285971455,32.7803721427699,Makina Mühendisliği G Blok Binası Derslikleri - MEG202,mechanical-engineering-g-block,Derslikler,tr,
39.8889285971455,32.7803721427699,Makina Mühendisliği G Blok Binası Derslikleri - MEG203,mechanical-engineering-g-block,Derslikler,tr,
39.8956868335247,32.7823984622955,Matematik Bölümü Binası Derslikleri - M04,mathematics,Derslikler,tr,
39.8956868335247,32.7823984622955,Matematik Bölümü Binası Derslikleri - M05,mathematics,Derslikler,tr,
39.8956868335247,32.7823984622955,Matematik Bölümü Binası Derslikleri - M06,mathematics,Derslikler,tr,
39.8956868335247,32.7823984622955,Matematik Bölümü Binası Derslikleri - M07,mathematics,Derslikler,tr,
39.8956868335247,32.7823984622955,Matematik Bölümü Binası Derslikleri - M08,mathematics,Derslikler,tr,
39.8956868335247,32.7823984622955,Matematik Bölümü Binası Derslikleri - M13,mathematics,Derslikler,tr,
39.8956868335247,32.7823984622955,Matematik Bölümü Binası Derslikleri - M102,mathematics,Derslikler,tr,
39.8956868335247,32.7823984622955,Matematik Bölümü Binası Derslikleri - M103,mathematics,Derslikler,tr,
39.8956868335247,32.7823984622955,Matematik Bölümü Binası Derslikleri - M104,mathematics,Derslikler,tr,
39.8956868335247,32.7823984622955,Matematik Bölümü Binası Derslikleri - M105,mathematics,Derslikler,tr,
39.8956868335247,32.7823984622955,Matematik Bölümü Binası Derslikleri - M106,mathematics,Derslikler,tr,
39.8923530730348,32.7834284305573,Merkez Mühendislik Binası Derslikleri - MM14,engineering-building,Derslikler,tr,
39.8923530730348,32.7834284305573,Merkez Mühendislik Binası Derslikleri - MM125,engineering-building,Derslikler,tr,
39.8923530730348,32.7834284305573,Merkez Mühendislik Binası Derslikleri - MM308,engineering-building,Derslikler,tr,
39.8923530730348,32.7834284305573,Merkez Mühendislik Binası Derslikleri - MM309,engineering-building,Derslikler,tr,
39.8923530730348,32.7834284305573,Merkez Mühendislik Binası Derslikleri - MM315,engineering-building,Derslikler,tr,
39.8923530730348,32.7834284305573,Merkez Mühendislik Binası Derslikleri - MM316,engineering-building,Derslikler,tr,
39.8923530730348,32.7834284305573,Merkez Mühendislik Binası Derslikleri - MM316A,engineering-building,Derslikler,tr,
39.8923530730348,32.7834284305573,Merkez Mühendislik Binası Derslikleri - MM321,engineering-building,Derslikler,tr,
39.8923530730348,32.7834284305573,Merkez Mühendislik Binası Derslikleri - MM412,engineering-building,Derslikler,tr,
39.8923530730348,32.7834284305573,Merkez Mühendislik Binası Derslikleri - MM451,engineering-building,Derslikler,tr,
39.886014365143,32.7826695441763,Metalurji ve Malzeme Mühendisliği Bölümü B ve C Blok Binası Derslikleri - MTB108,metallurgical-and-materials-engineering,Derslikler,tr,
39.886014365143,32.7826695441763,Metalurji ve Malzeme Mühendisliği Bölümü B ve C Blok Binası Derslikleri - MTB208,metallurgical-and-materials-engineering,Derslikler,tr,
39.886014365143,32.7826695441763,Metalurji ve Malzeme Mühendisliği Bölümü B ve C Blok Binası Derslikleri - MTB308,metallurgical-and-materials-engineering,Derslikler,tr,
39.886014365143,32.7826695441763,Metalurji ve Malzeme Mühendisliği Bölümü B ve C Blok Binası Derslikleri - MTB309,metallurgical-and-materials-engineering,Derslikler,tr,
39.886014365143,32.7826695441763,Metalurji ve Malzeme Mühendisliği Bölümü B ve C Blok Binası Derslikleri - MTC.AUD,metallurgical-and-materials-engineering,Derslikler,tr,
39.885447,32.782072,Metalurji ve Malzeme Mühendisliği Bölümü E Blok Binası Derslikleri - MTE04,metallurgical-and-materials-engineering-e-block-building-classrooms-mte04,Derslikler,tr,
39.885447,32.782072,Metalurji ve Malzeme Mühendisliği Bölümü E Blok Binası Derslikleri - MTE110,metallurgical-and-materials-engineering-e-block-building-classrooms-mte04,Derslikler,tr,
39.885447,32.782072,Metalurji ve Malzeme Mühendisliği Bölümü E Blok Binası Derslikleri - MTE308,metallurgical-and-materials-engineering-e-block-building-classrooms-mte04,Derslikler,tr,
39.8969544431093,32.7813577651978,Mimarlık Fakültesi Binası Derslikleri - R22,architecture,Derslikler,tr,
39.8969544431093,32.7813577651978,Mimarlık Fakültesi Binası Derslikleri - R28,architecture,Derslikler,tr,
39.8969544431093,32.7813577651978,Mimarlık Fakültesi Binası Derslikleri - R35,architecture,Derslikler,tr,
39.8969544431093,32.7813577651978,Mimarlık Fakültesi Binası Derslikleri - R43,architecture,Derslikler,tr,
39.8969544431093,32.7813577651978,Mimarlık Fakültesi Binası Derslikleri - R44,architecture,Derslikler,tr,
39.8969544431093,32.7813577651978,Mimarlık Fakültesi Binası Derslikleri - R45,architecture,Derslikler,tr,
39.8969544431093,32.7813577651978,Mimarlık Fakültesi Binası Derslikleri - R46,architecture,Derslikler,tr,
39.8969544431093,32.7813577651978,Mimarlık Fakültesi Binası Derslikleri - R47,architecture,Derslikler,tr,
39.8969544431093,32.7813577651978,Mimarlık Fakültesi Binası Derslikleri - R48,architecture,Derslikler,tr,
39.8969544431093,32.7813577651978,Mimarlık Fakültesi Binası Derslikleri - R49,architecture,Derslikler,tr,
39.8969544431093,32.7813577651978,Mimarlık Fakültesi Binası Derslikleri - R84,architecture,Derslikler,tr,
39.8969544431093,32.7813577651978,Mimarlık Fakültesi Binası Derslikleri - R89,architecture,Derslikler,tr,
39.8969544431093,32.7813577651978,Mimarlık Fakültesi Binası Derslikleri - R90A,architecture,Derslikler,tr,
39.8969544431093,32.7813577651978,Mimarlık Fakültesi Binası Derslikleri - R90B,architecture,Derslikler,tr,
39.8969544431093,32.7813577651978,Mimarlık Fakültesi Binası Derslikleri - R207,architecture,Derslikler,tr,
39.8969544431093,32.7813577651978,Mimarlık Fakültesi Binası Derslikleri - R420,architecture,Derslikler,tr,
39.8969544431093,32.7813577651978,Mimarlık Fakültesi Binası Derslikleri - MİMAtölye,architecture,Derslikler,tr,
39.8969544431093,32.7813577651978,Mimarlık Fakültesi Binası Derslikleri - MimBilLab,architecture,Derslikler,tr,
39.8969544431093,32.7813577651978,Mimarlık Fakültesi Binası Derslikleri - ST1,architecture,Derslikler,tr,
39.8969544431093,32.7813577651978,Mimarlık Fakültesi Binası Derslikleri - ST2,architecture,Derslikler,tr,
39.8969544431093,32.7813577651978,Mimarlık Fakültesi Binası Derslikleri - ST3,architecture,Derslikler,tr,
39.8969544431093,32.7813577651978,Mimarlık Fakültesi Binası Derslikleri - ST4,architecture,Derslikler,tr,
39.8969544431093,32.7813577651978,Mimarlık Fakültesi Binası Derslikleri - ST1A,architecture,Derslikler,tr,
39.8969544431093,32.7813577651978,Mimarlık Fakültesi Binası Derslikleri - ST2A,architecture,Derslikler,tr,
39.8969544431093,32.7813577651978,Mimarlık Fakültesi Binası Derslikleri - ST3A,architecture,Derslikler,tr,
39.8969544431093,32.7813577651978,Mimarlık Fakültesi Binası Derslikleri - ST4A,architecture,Derslikler,tr,
39.8969544431093,32.7813577651978,Mimarlık Fakültesi Binası Derslikleri - ST1C,architecture,Derslikler,tr,
39.8969544431093,32.7813577651978,Mimarlık Fakültesi Binası Derslikleri - ST2C,architecture,Derslikler,tr,
39.8969544431093,32.7813577651978,Mimarlık Fakültesi Binası Derslikleri - ST3C,architecture,Derslikler,tr,
39.8969544431093,32.7813577651978,Mimarlık Fakültesi Binası Derslikleri - ST4C,architecture,Derslikler,tr,
39.8969544431093,32.7813577651978,Mimarlık Fakültesi Binası Derslikleri - ST27,architecture,Derslikler,tr,
39.8969544431093,32.7813577651978,Mimarlık Fakültesi Binası Derslikleri - ST32,architecture,Derslikler,tr,
39.8969544431093,32.7813577651978,Mimarlık Fakültesi Binası Derslikleri - ST33,architecture,Derslikler,tr,
39.8969544431093,32.7813577651978,Mimarlık Fakültesi Binası Derslikleri - ST34,architecture,Derslikler,tr,
39.8969544431093,32.7813577651978,Mimarlık Fakültesi Binası Derslikleri - UTEST,architecture,Derslikler,tr,
39.8969544431093,32.7813577651978,Mimarlık Fakültesi Binası Derslikleri - UPL209,architecture,Derslikler,tr,
39.8969544431093,32.7813577651978,Mimarlık Fakültesi Binası Derslikleri - WSAtölye,architecture,Derslikler,tr,
39.8866564946996,32.7793436049978,Petrol ve Doğalgaz Mühendisliği Bölümü Binası Derslikleri - PT11,petroleum-and-natural-gas-engineering,Derslikler,tr,
39.8866564946996,32.7793436049978,Petrol ve Doğalgaz Mühendisliği Bölümü Binası Derslikleri - PT12,petroleum-and-natural-gas-engineering,Derslikler,tr,
39.8866564946996,32.7793436049978,Petrol ve Doğalgaz Mühendisliği Bölümü Binası Derslikleri - PT13,petroleum-and-natural-gas-engineering,Derslikler,tr,
39.8866564946996,32.7793436049978,Petrol ve Doğalgaz Mühendisliği Bölümü Binası Derslikleri - PT34,petroleum-and-natural-gas-engineering,Derslikler,tr,
39.8866564946996,32.7793436049978,Petrol ve Doğalgaz Mühendisliği Bölümü Binası Derslikleri - PT35,petroleum-and-natural-gas-engineering,Derslikler,tr,
39.8866564946996,32.7793436049978,Petrol ve Doğalgaz Mühendisliği Bölümü Binası Derslikleri - PT36,petroleum-and-natural-gas-engineering,Derslikler,tr,
39.900262,32.780965,Temel İngilizce Bölümü A Blok Binası Derslikleri - HZA001,basic-english-a-block-building-classrooms-hza001,Derslikler,tr,
39.900262,32.780965,Temel İngilizce Bölümü A Blok Binası Derslikleri - HZA002,basic-english-a-block-building-classrooms-hza001,Derslikler,tr,
39.900262,32.780965,Temel İngilizce Bölümü A Blok Binası Derslikleri - HZA003,basic-english-a-block-building-classrooms-hza001,Derslikler,tr,
39.900262,32.780965,Temel İngilizce Bölümü A Blok Binası Derslikleri - HZA004,basic-english-a-block-building-classrooms-hza001,Derslikler,tr,
39.900262,32.780965,Temel İngilizce Bölümü A Blok Binası Derslikleri - HZA005,basic-english-a-block-building-classrooms-hza001,Derslikler,tr,
39.900262,32.780965,Temel İngilizce Bölümü A Blok Binası Derslikleri - HZA006,basic-english-a-block-building-classrooms-hza001,Derslikler,tr,
39.900262,32.780965,Temel İngilizce Bölümü A Blok Binası Derslikleri - HZA101,basic-english-a-block-building-classrooms-hza001,Derslikler,tr,
39.900262,32.780965,Temel İngilizce Bölümü A Blok Binası Derslikleri - HZA102,basic-english-a-block-building-classrooms-hza001,Derslikler,tr,
39.900262,32.780965,Temel İngilizce Bölümü A Blok Binası Derslikleri - HZA103,basic-english-a-block-building-classrooms-hza001,Derslikler,tr,
39.900262,32.780965,Temel İngilizce Bölümü A Blok Binası Derslikleri - HZA104,basic-english-a-block-building-classrooms-hza001,Derslikler,tr,
39.900262,32.780965,Temel İngilizce Bölümü A Blok Binası Derslikleri - HZA105,basic-english-a-block-building-classrooms-hza001,Derslikler,tr,
39.900262,32.780965,Temel İngilizce Bölümü A Blok Binası Derslikleri - HZA106,basic-english-a-block-building-classrooms-hza001,Derslikler,tr,
39.900262,32.780965,Temel İngilizce Bölümü A Blok Binası Derslikleri - HZA201,basic-english-a-block-building-classrooms-hza001,Derslikler,tr,
39.900262,32.780965,Temel İngilizce Bölümü A Blok Binası Derslikleri - HZA202,basic-english-a-block-building-classrooms-hza001,Derslikler,tr,
39.900262,32.780965,Temel İngilizce Bölümü A Blok Binası Derslikleri - HZA203,basic-english-a-block-building-classrooms-hza001,Derslikler,tr,
39.900262,32.780965,Temel İngilizce Bölümü A Blok Binası Derslikleri - HZA204,basic-english-a-block-building-classrooms-hza001,Derslikler,tr,
39.900262,32.780965,Temel İngilizce Bölümü A Blok Binası Derslikleri - HZA205,basic-english-a-block-building-classrooms-hza001,Derslikler,tr,
39.900262,32.780965,Temel İngilizce Bölümü A Blok Binası Derslikleri - HZA206,basic-english-a-block-building-classrooms-hza001,Derslikler,tr,
39.900262,32.780965,Temel İngilizce Bölümü A Blok Binası Derslikleri - HZA301,basic-english-a-block-building-classrooms-hza001,Derslikler,tr,
39.900262,32.780965,Temel İngilizce Bölümü A Blok Binası Derslikleri - HZA302,basic-english-a-block-building-classrooms-hza001,Derslikler,tr,
39.900262,32.780965,Temel İngilizce Bölümü A Blok Binası Derslikleri - HZA303,basic-english-a-block-building-classrooms-hza001,Derslikler,tr,
39.900262,32.780965,Temel İngilizce Bölümü A Blok Binası Derslikleri - HZA304,basic-english-a-block-building-classrooms-hza001,Derslikler,tr,
39.900262,32.780965,Temel İngilizce Bölümü A Blok Binası Derslikleri - HZA305,basic-english-a-block-building-classrooms-hza001,Derslikler,tr,
39.900262,32.780965,Temel İngilizce Bölümü A Blok Binası Derslikleri - HZA306,basic-english-a-block-building-classrooms-hza001,Derslikler,tr,
39.900498,32.781212,Temel İngilizce Bölümü B Blok Binası Derslikleri - HZB001,basic-english-b-block-building-classrooms-hzb001,Derslikler,tr,
39.900498,32.781212,Temel İngilizce Bölümü B Blok Binası Derslikleri - HZB002,basic-english-b-block-building-classrooms-hzb001,Derslikler,tr,
39.900498,32.781212,Temel İngilizce Bölümü B Blok Binası Derslikleri - HZB003,basic-english-b-block-building-classrooms-hzb001,Derslikler,tr,
39.900498,32.781212,Temel İngilizce Bölümü B Blok Binası Derslikleri - HZB004,basic-english-b-block-building-classrooms-hzb001,Derslikler,tr,
39.900498,32.781212,Temel İngilizce Bölümü B Blok Binası Derslikleri - HZB005,basic-english-b-block-building-classrooms-hzb001,Derslikler,tr,
39.900498,32.781212,Temel İngilizce Bölümü B Blok Binası Derslikleri - HZB006,basic-english-b-block-building-classrooms-hzb001,Derslikler,tr,
39.900498,32.781212,Temel İngilizce Bölümü B Blok Binası Derslikleri - HZB101,basic-english-b-block-building-classrooms-hzb001,Derslikler,tr,
39.900498,32.781212,Temel İngilizce Bölümü B Blok Binası Derslikleri - HZB102,basic-english-b-block-building-classrooms-hzb001,Derslikler,tr,
39.900498,32.781212,Temel İngilizce Bölümü B Blok Binası Derslikleri - HZB103,basic-english-b-block-building-classrooms-hzb001,Derslikler,tr,
39.900498,32.781212,Temel İngilizce Bölümü B Blok Binası Derslikleri - HZB104,basic-english-b-block-building-classrooms-hzb001,Derslikler,tr,
39.900498,32.781212,Temel İngilizce Bölümü B Blok Binası Derslikleri - HZB105,basic-english-b-block-building-classrooms-hzb001,Derslikler,tr,
39.900498,32.781212,Temel İngilizce Bölümü B Blok Binası Derslikleri - HZB106,basic-english-b-block-building-classrooms-hzb001,Derslikler,tr,
39.900498,32.781212,Temel İngilizce Bölümü B Blok Binası Derslikleri - HZB201,basic-english-b-block-building-classrooms-hzb001,Derslikler,tr,
39.900498,32.781212,Temel İngilizce Bölümü B Blok Binası Derslikleri - HZB202,basic-english-b-block-building-classrooms-hzb001,Derslikler,tr,
39.900498,32.781212,Temel İngilizce Bölümü B Blok Binası Derslikleri - HZB203,basic-english-b-block-building-classrooms-hzb001,Derslikler,tr,
39.900498,32.781212,Temel İngilizce Bölümü B Blok Binası Derslikleri - HZB204,basic-english-b-block-building-classrooms-hzb001,Derslikler,tr,
39.900498,32.781212,Temel İngilizce Bölümü B Blok Binası Derslikleri - HZB205,basic-english-b-block-building-classrooms-hzb001,Derslikler,tr,
39.900498,32.781212,Temel İngilizce Bölümü B Blok Binası Derslikleri - HZB206,basic-english-b-block-building-classrooms-hzb001,Derslikler,tr,
39.900177,32.779982,Temel İngilizce Bölümü D Blok Binası Derslikleri - HZLAB01,basic-english-d-block-building-classrooms-hzlab01,Derslikler,tr,
39.900177,32.779982,Temel İngilizce Bölümü D Blok Binası Derslikleri - HZLAB02,basic-english-d-block-building-classrooms-hzlab01,Derslikler,tr,
39.900177,32.779982,Temel İngilizce Bölümü D Blok Binası Derslikleri - HZDVR1,basic-english-d-block-building-classrooms-hzlab01,Derslikler,tr,
39.900177,32.779982,Temel İngilizce Bölümü D Blok Binası Derslikleri - HZDVR2,basic-english-d-block-building-classrooms-hzlab01,Derslikler,tr,
39.900177,32.779982,Temel İngilizce Bölümü D Blok Binası Derslikleri - HZDVR3,basic-english-d-block-building-classrooms-hzlab01,Derslikler,tr,
39.900177,32.779982,Temel İngilizce Bölümü D Blok Binası Derslikleri - HZDVR4,basic-english-d-block-building-classrooms-hzlab01,Derslikler,tr,
39.900177,32.779982,Temel İngilizce Bölümü D Blok Binası Derslikleri - HZDVR5,basic-english-d-block-building-classrooms-hzlab01,Derslikler,tr,
39.900177,32.779982,Temel İngilizce Bölümü D Blok Binası Derslikleri - HZDVR6,basic-english-d-block-building-classrooms-hzlab01,Derslikler,tr,
39.900177,32.779982,Temel İngilizce Bölümü D Blok Binası Derslikleri - HZDVR7,basic-english-d-block-building-classrooms-hzlab01,Derslikler,tr,
39.900177,32.779982,Temel İngilizce Bölümü D Blok Binası Derslikleri - HZDVR8,basic-english-d-block-building-classrooms-hzlab01,Derslikler,tr,
39.900177,32.779982,Temel İngilizce Bölümü D Blok Binası Derslikleri - HZDCVR,basic-english-d-block-building-classrooms-hzlab01,Derslikler,tr,
39.900532,32.780245,Temel İngilizce Bölümü E Blok Binası Derslikleri - HZ1,basic-english-e-block-building-classrooms-hz1,Derslikler,tr,
39.900532,32.780245,Temel İngilizce Bölümü E Blok Binası Derslikleri - HZ2,basic-english-e-block-building-classrooms-hz1,Derslikler,tr,
39.900532,32.780245,Temel İngilizce Bölümü E Blok Binası Derslikleri - HZE001,basic-english-e-block-building-classrooms-hz1,Derslikler,tr,
39.900532,32.780245,Temel İngilizce Bölümü E Blok Binası Derslikleri - HZE002,basic-english-e-block-building-classrooms-hz1,Derslikler,tr,
39.900532,32.780245,Temel İngilizce Bölümü E Blok Binası Derslikleri - HZE003,basic-english-e-block-building-classrooms-hz1,Derslikler,tr,
39.900532,32.780245,Temel İngilizce Bölümü E Blok Binası Derslikleri - HZE004,basic-english-e-block-building-classrooms-hz1,Derslikler,tr,
39.900532,32.780245,Temel İngilizce Bölümü E Blok Binası Derslikleri - HZE005,basic-english-e-block-building-classrooms-hz1,Derslikler,tr,
39.900532,32.780245,Temel İngilizce Bölümü E Blok Binası Derslikleri - HZE006,basic-english-e-block-building-classrooms-hz1,Derslikler,tr,
39.900532,32.780245,Temel İngilizce Bölümü E Blok Binası Derslikleri - HZE007,basic-english-e-block-building-classrooms-hz1,Derslikler,tr,
39.900532,32.780245,Temel İngilizce Bölümü E Blok Binası Derslikleri - HZE008,basic-english-e-block-building-classrooms-hz1,Derslikler,tr,
39.900532,32.780245,Temel İngilizce Bölümü E Blok Binası Derslikleri - HZE101,basic-english-e-block-building-classrooms-hz1,Derslikler,tr,
39.900532,32.780245,Temel İngilizce Bölümü E Blok Binası Derslikleri - HZE102,basic-english-e-block-building-classrooms-hz1,Derslikler,tr,
39.900532,32.780245,Temel İngilizce Bölümü E Blok Binası Derslikleri - HZE103,basic-english-e-block-building-classrooms-hz1,Derslikler,tr,
39.900532,32.780245,Temel İngilizce Bölümü E Blok Binası Derslikleri - HZE104,basic-english-e-block-building-classrooms-hz1,Derslikler,tr,
39.900532,32.780245,Temel İngilizce Bölümü E Blok Binası Derslikleri - HZE105,basic-english-e-block-building-classrooms-hz1,Derslikler,tr,
39.900532,32.780245,Temel İngilizce Bölümü E Blok Binası Derslikleri - HZE106,basic-english-e-block-building-classrooms-hz1,Derslikler,tr,
39.900532,32.780245,Temel İngilizce Bölümü E Blok Binası Derslikleri - HZE107,basic-english-e-block-building-classrooms-hz1,Derslikler,tr,
39.900532,32.780245,Temel İngilizce Bölümü E Blok Binası Derslikleri - HZE108,basic-english-e-block-building-classrooms-hz1,Derslikler,tr,
39.900532,32.780245,Temel İngilizce Bölümü E Blok Binası Derslikleri - HZE201,basic-english-e-block-building-classrooms-hz1,Derslikler,tr,
39.900532,32.780245,Temel İngilizce Bölümü E Blok Binası Derslikleri - HZE202,basic-english-e-block-building-classrooms-hz1,Derslikler,tr,
39.900532,32.780245,Temel İngilizce Bölümü E Blok Binası Derslikleri - HZE203,basic-english-e-block-building-classrooms-hz1,Derslikler,tr,
39.900532,32.780245,Temel İngilizce Bölümü E Blok Binası Derslikleri - HZE204,basic-english-e-block-building-classrooms-hz1,Derslikler,tr,
39.900532,32.780245,Temel İngilizce Bölümü E Blok Binası Derslikleri - HZE205,basic-english-e-block-building-classrooms-hz1,Derslikler,tr,
39.900532,32.780245,Temel İngilizce Bölümü E Blok Binası Derslikleri - HZE206,basic-english-e-block-building-classrooms-hz1,Derslikler,tr,
39.900532,32.780245,Temel İngilizce Bölümü E Blok Binası Derslikleri - HZE207,basic-english-e-block-building-classrooms-hz1,Derslikler,tr,
39.900532,32.780245,Temel İngilizce Bölümü E Blok Binası Derslikleri - HZE208,basic-english-e-block-building-classrooms-hz1,Derslikler,tr,
39.900532,32.780245,Temel İngilizce Bölümü E Blok Binası Derslikleri - HZE301,basic-english-e-block-building-classrooms-hz1,Derslikler,tr,
39.900532,32.780245,Temel İngilizce Bölümü E Blok Binası Derslikleri - HZE302,basic-english-e-block-building-classrooms-hz1,Derslikler,tr,
39.900532,32.780245,Temel İngilizce Bölümü E Blok Binası Derslikleri - HZE303,basic-english-e-block-building-classrooms-hz1,Derslikler,tr,
39.900532,32.780245,Temel İngilizce Bölümü E Blok Binası Derslikleri - HZE304,basic-english-e-block-building-classrooms-hz1,Derslikler,tr,
39.900532,32.780245,Temel İngilizce Bölümü E Blok Binası Derslikleri - HZE305,basic-english-e-block-building-classrooms-hz1,Derslikler,tr,
39.900532,32.780245,Temel İngilizce Bölümü E Blok Binası Derslikleri - HZE306,basic-english-e-block-building-classrooms-hz1,Derslikler,tr,
39.900532,32.780245,Temel İngilizce Bölümü E Blok Binası Derslikleri - HZE307,basic-english-e-block-building-classrooms-hz1,Derslikler,tr,
39.900532,32.780245,Temel İngilizce Bölümü E Blok Binası Derslikleri - HZE308,basic-english-e-block-building-classrooms-hz1,Derslikler,tr,
39.900532,32.780245,Temel İngilizce Bölümü E Blok Binası Derslikleri - HZEAU1,basic-english-e-block-building-classrooms-hz1,Derslikler,tr,
39.900532,32.780245,Temel İngilizce Bölümü E Blok Binası Derslikleri - HZEAU2,basic-english-e-block-building-classrooms-hz1,Derslikler,tr,
39.900145,32.778899,Temel İngilizce Bölümü F Blok Binası Derslikleri - HZF001,basic-english-f-block-building-classrooms-hzf001,Derslikler,tr,
39.900145,32.778899,Temel İngilizce Bölümü F Blok Binası Derslikleri - HZF002,basic-english-f-block-building-classrooms-hzf001,Derslikler,tr,
39.900145,32.778899,Temel İngilizce Bölümü F Blok Binası Derslikleri - HZF003,basic-english-f-block-building-classrooms-hzf001,Derslikler,tr,
39.900145,32.778899,Temel İngilizce Bölümü F Blok Binası Derslikleri - HZF004,basic-english-f-block-building-classrooms-hzf001,Derslikler,tr,
39.900145,32.778899,Temel İngilizce Bölümü F Blok Binası Derslikleri - HZF005,basic-english-f-block-building-classrooms-hzf001,Derslikler,tr,
39.900145,32.778899,Temel İngilizce Bölümü F Blok Binası Derslikleri - HZF006,basic-english-f-block-building-classrooms-hzf001,Derslikler,tr,
39.900145,32.778899,Temel İngilizce Bölümü F Blok Binası Derslikleri - HZF007,basic-english-f-block-building-classrooms-hzf001,Derslikler,tr,
39.900145,32.778899,Temel İngilizce Bölümü F Blok Binası Derslikleri - HZF008,basic-english-f-block-building-classrooms-hzf001,Derslikler,tr,
39.900145,32.778899,Temel İngilizce Bölümü F Blok Binası Derslikleri - HZF009,basic-english-f-block-building-classrooms-hzf001,Derslikler,tr,
39.900145,32.778899,Temel İngilizce Bölümü F Blok Binası Derslikleri - HZF010,basic-english-f-block-building-classrooms-hzf001,Derslikler,tr,
39.900145,32.778899,Temel İngilizce Bölümü F Blok Binası Derslikleri - HZF011,basic-english-f-block-building-classrooms-hzf001,Derslikler,tr,
39.900145,32.778899,Temel İngilizce Bölümü F Blok Binası Derslikleri - HZF012,basic-english-f-block-building-classrooms-hzf001,Derslikler,tr,
39.900145,32.778899,Temel İngilizce Bölümü F Blok Binası Derslikleri - HZF101,basic-english-f-block-building-classrooms-hzf001,Derslikler,tr,
39.900145,32.778899,Temel İngilizce Bölümü F Blok Binası Derslikleri - HZF102,basic-english-f-block-building-classrooms-hzf001,Derslikler,tr,
39.900145,32.778899,Temel İngilizce Bölümü F Blok Binası Derslikleri - HZF103,basic-english-f-block-building-classrooms-hzf001,Derslikler,tr,
39.900145,32.778899,Temel İngilizce Bölümü F Blok Binası Derslikleri - HZF104,basic-english-f-block-building-classrooms-hzf001,Derslikler,tr,
39.900145,32.778899,Temel İngilizce Bölümü F Blok Binası Derslikleri - HZF105,basic-english-f-block-building-classrooms-hzf001,Derslikler,tr,
39.900145,32.778899,Temel İngilizce Bölümü F Blok Binası Derslikleri - HZF106,basic-english-f-block-building-classrooms-hzf001,Derslikler,tr,
39.900145,32.778899,Temel İngilizce Bölümü F Blok Binası Derslikleri - HZF107,basic-english-f-block-building-classrooms-hzf001,Derslikler,tr,
39.900145,32.778899,Temel İngilizce Bölümü F Blok Binası Derslikleri - HZF108,basic-english-f-block-building-classrooms-hzf001,Derslikler,tr,
39.900145,32.778899,Temel İngilizce Bölümü F Blok Binası Derslikleri - HZF109,basic-english-f-block-building-classrooms-hzf001,Derslikler,tr,
39.900145,32.778899,Temel İngilizce Bölümü F Blok Binası Derslikleri - HZF110,basic-english-f-block-building-classrooms-hzf001,Derslikler,tr,
39.900145,32.778899,Temel İngilizce Bölümü F Blok Binası Derslikleri - HZF111,basic-english-f-block-building-classrooms-hzf001,Derslikler,tr,
39.900145,32.778899,Temel İngilizce Bölümü F Blok Binası Derslikleri - HZF112,basic-english-f-block-building-classrooms-hzf001,Derslikler,tr,
39.900484,32.778923,Temel İngilizce Bölümü G Blok Binası Derslikleri - HZG001,basic-english-g-block-building-classrooms-hzg001,Derslikler,tr,
39.900484,32.778923,Temel İngilizce Bölümü G Blok Binası Derslikleri - HZG002,basic-english-g-block-building-classrooms-hzg001,Derslikler,tr,
39.900484,32.778923,Temel İngilizce Bölümü G Blok Binası Derslikleri - HZG003,basic-english-g-block-building-classrooms-hzg001,Derslikler,tr,
39.900484,32.778923,Temel İngilizce Bölümü G Blok Binası Derslikleri - HZG004,basic-english-g-block-building-classrooms-hzg001,Derslikler,tr,
39.900484,32.778923,Temel İngilizce Bölümü G Blok Binası Derslikleri - HZG005,basic-english-g-block-building-classrooms-hzg001,Derslikler,tr,
39.900484,32.778923,Temel İngilizce Bölümü G Blok Binası Derslikleri - HZG006,basic-english-g-block-building-classrooms-hzg001,Derslikler,tr,
39.900484,32.778923,Temel İngilizce Bölümü G Blok Binası Derslikleri - HZG007,basic-english-g-block-building-classrooms-hzg001,Derslikler,tr,
39.900484,32.778923,Temel İngilizce Bölümü G Blok Binası Derslikleri - HZG008,basic-english-g-block-building-classrooms-hzg001,Derslikler,tr,
39.900484,32.778923,Temel İngilizce Bölümü G Blok Binası Derslikleri - HZG009,basic-english-g-block-building-classrooms-hzg001,Derslikler,tr,
39.900484,32.778923,Temel İngilizce Bölümü G Blok Binası Derslikleri - HZG010,basic-english-g-block-building-classrooms-hzg001,Derslikler,tr,
39.900484,32.778923,Temel İngilizce Bölümü G Blok Binası Derslikleri - HZG011,basic-english-g-block-building-classrooms-hzg001,Derslikler,tr,
39.900484,32.778923,Temel İngilizce Bölümü G Blok Binası Derslikleri - HZG012,basic-english-g-block-building-classrooms-hzg001,Derslikler,tr,
39.900484,32.778923,Temel İngilizce Bölümü G Blok Binası Derslikleri - HZG101,basic-english-g-block-building-classrooms-hzg001,Derslikler,tr,
39.900484,32.778923,Temel İngilizce Bölümü G Blok Binası Derslikleri - HZG102,basic-english-g-block-building-classrooms-hzg001,Derslikler,tr,
39.900484,32.778923,Temel İngilizce Bölümü G Blok Binası Derslikleri - HZG103,basic-english-g-block-building-classrooms-hzg001,Derslikler,tr,
39.900484,32.778923,Temel İngilizce Bölümü G Blok Binası Derslikleri - HZG104,basic-english-g-block-building-classrooms-hzg001,Derslikler,tr,
39.900484,32.778923,Temel İngilizce Bölümü G Blok Binası Derslikleri - HZG105,basic-english-g-block-building-classrooms-hzg001,Derslikler,tr,
39.900484,32.778923,Temel İngilizce Bölümü G Blok Binası Derslikleri - HZG106,basic-english-g-block-building-classrooms-hzg001,Derslikler,tr,
39.900484,32.778923,Temel İngilizce Bölümü G Blok Binası Derslikleri - HZG107,basic-english-g-block-building-classrooms-hzg001,Derslikler,tr,
39.900484,32.778923,Temel İngilizce Bölümü G Blok Binası Derslikleri - HZG108,basic-english-g-block-building-classrooms-hzg001,Derslikler,tr,
39.900484,32.778923,Temel İngilizce Bölümü G Blok Binası Derslikleri - HZG109,basic-english-g-block-building-classrooms-hzg001,Derslikler,tr,
39.900484,32.778923,Temel İngilizce Bölümü G Blok Binası Derslikleri - HZG110,basic-english-g-block-building-classrooms-hzg001,Derslikler,tr,
39.900484,32.778923,Temel İngilizce Bölümü G Blok Binası Derslikleri - HZG111,basic-english-g-block-building-classrooms-hzg001,Derslikler,tr,
39.900484,32.778923,Temel İngilizce Bölümü G Blok Binası Derslikleri - HZG112,basic-english-g-block-building-classrooms-hzg001,Derslikler,tr,
39.900484,32.778923,Temel İngilizce Bölümü G Blok Binası Derslikleri - HZLAB01,basic-english-g-block-building-classrooms-hzg001,Derslikler,tr,
39.900484,32.778923,Temel İngilizce Bölümü G Blok Binası Derslikleri - HZNB001,basic-english-g-block-building-classrooms-hzg001,Derslikler,tr,
39.900484,32.778923,Temel İngilizce Bölümü G Blok Binası Derslikleri - HZNB002,basic-english-g-block-building-classrooms-hzg001,Derslikler,tr,
39.9021522203,32.77316093445,Yabancı Diller Eğitimi Bölümü Derslikleri - EFB18,foreign-language-education,Derslikler,tr,
39.9021522203,32.77316093445,Yabancı Diller Eğitimi Bölümü Derslikleri - EFB18A,foreign-language-education,Derslikler,tr,
39.9021522203,32.77316093445,Yabancı Diller Eğitimi Bölümü Derslikleri - EFB19,foreign-language-education,Derslikler,tr,
39.9021522203,32.77316093445,Yabancı Diller Eğitimi Bölümü Derslikleri - EFB19A,foreign-language-education,Derslikler,tr,
39.9021522203,32.77316093445,Yabancı Diller Eğitimi Bölümü Derslikleri - EFB21,foreign-language-education,Derslikler,tr,
39.9021522203,32.77316093445,Yabancı Diller Eğitimi Bölümü Derslikleri - EFB22,foreign-language-education,Derslikler,tr,
39.9021522203,32.77316093445,Yabancı Diller Eğitimi Bölümü Derslikleri - EFB23,foreign-language-education,Derslikler,tr,
39.9021522203,32.77316093445,Yabancı Diller Eğitimi Bölümü Derslikleri - EFB25,foreign-language-education,Derslikler,tr,
39.9021522203,32.77316093445,Yabancı Diller Eğitimi Bölümü Derslikleri - EFB40,foreign-language-education,Derslikler,tr,
39.887584,32.781995,Yüksel Proje Amfisi - YP-A1,yuksel-proje-lecture-hall-yp-a1,Derslikler,tr,
39.887584,32.781995,Yüksel Proje Amfisi - YP-A2,yuksel-proje-lecture-hall-yp-a1,Derslikler,tr,
39.887584,32.781995,Yüksel Proje Amfisi - YP-A3,yuksel-proje-lecture-hall-yp-a1,Derslikler,tr,
39.887584,32.781995,Yüksel Proje Amfisi - YP-A4,yuksel-proje-lecture-hall-yp-a1,Derslikler,tr,
39.887584,32.781995,Yüksel Proje Amfisi - YP-B201,yuksel-proje-lecture-hall-yp-a1,Derslikler,tr,
39.887584,32.781995,Yüksel Proje Amfisi - YP-B202,yuksel-proje-lecture-hall-yp-a1,Derslikler,tr,
39.887584,32.781995,Yüksel Proje Amfisi - YP-D001,yuksel-proje-lecture-hall-yp-a1,Derslikler,tr,
39.887584,32.781995,Yüksel Proje Amfisi - YP-D002,yuksel-proje-lecture-hall-yp-a1,Derslikler,tr,
39.887584,32.781995,Yüksel Proje Amfisi - YP-D003,yuksel-proje-lecture-hall-yp-a1,Derslikler,tr,
39.887584,32.781995,Yüksel Proje Amfisi - YP-D101,yuksel-proje-lecture-hall-yp-a1,Derslikler,tr,
39.887584,32.781995,Yüksel Proje Amfisi - YP-D102,yuksel-proje-lecture-hall-yp-a1,Derslikler,tr,
39.887584,32.781995,Yüksel Proje Amfisi - YP-D103,yuksel-proje-lecture-hall-yp-a1,Derslikler,tr,
39.887584,32.781995,Yüksel Proje Amfisi - YP-D104,yuksel-proje-lecture-hall-yp-a1,Derslikler,tr,
39.887584,32.781995,Yüksel Proje Amfisi - YP-D105,yuksel-proje-lecture-hall-yp-a1,Derslikler,tr,
39.887584,32.781995,Yüksel Proje Amfisi - YP-D106,yuksel-proje-lecture-hall-yp-a1,Derslikler,tr,
39.887584,32.781995,Yüksel Proje Amfisi - YP-D107,yuksel-proje-lecture-hall-yp-a1,Derslikler,tr,
39.887584,32.781995,Yüksel Proje Amfisi - YP-D201,yuksel-proje-lecture-hall-yp-a1,Derslikler,tr,
39.887584,32.781995,Yüksel Proje Amfisi - YP-D202,yuksel-proje-lecture-hall-yp-a1,Derslikler,tr,
39.887584,32.781995,Yüksel Proje Amfisi - YP-D203,yuksel-proje-lecture-hall-yp-a1,Derslikler,tr,
39.887584,32.781995,Yüksel Proje Amfisi - YP-D204,yuksel-proje-lecture-hall-yp-a1,Derslikler,tr,
39.887584,32.781995,Yüksel Proje Amfisi - YP-D205,yuksel-proje-lecture-hall-yp-a1,Derslikler,tr,
39.8904103625179,32.7881076335689,1. Yurt,1st-dormitory,Yurt ve Misafirhaneler,tr,https://files.catbox.moe/cput1z.jpg
39.885448,32.776926,19. Yurt,19th-dormitory,Yurt ve Misafirhaneler,tr,https://lh5.googleusercontent.com/proxy/WsZ8s5JdTvJZABEZOLajGPQElNQcGi7qWoBvYluYG9mNcOfYmuvayBtB-UfabmJ_lyjmF4kMFQkkFirF0GUExrIT
39.8902292595794,32.7894287108938,2. Yurt,2nd-dormitory,Yurt ve Misafirhaneler,tr,https://files.catbox.moe/whc6m9.jpg
39.8897682681224,32.7880003452083,3. Yurt,3rd-dormitory,Yurt ve Misafirhaneler,tr,https://files.catbox.moe/723qrv.jpg
39.8894883789395,32.788665533044,4. Yurt,4th-dormitory,Yurt ve Misafirhaneler,tr,https://odtu101.com/wp-content/uploads/2021/08/111.jpg
39.889076775124,32.7897062301417,5. Yurt,5th-dormitory,Yurt ve Misafirhaneler,tr,
39.8884511325913,32.7897001504789,6. Yurt,6th-dormitory,Yurt ve Misafirhaneler,tr,https://odtu101.com/wp-content/uploads/2021/08/Resim1-1.jpg
39.8890026861748,32.7890195846339,7. Yurt,7th-dormitory,Yurt ve Misafirhaneler,tr,https://odtu101.com/wp-content/uploads/2021/08/830adec0-d178-48df-b124-5d03f2bd879f.jpg
39.8887474902922,32.7879037856837,8. Yurt,8th-dormitory,Yurt ve Misafirhaneler,tr,https://odtu101.com/wp-content/uploads/2021/08/8.-Yurt.png
39.8879818969445,32.7900710105678,9. Yurt,9th-dormitory,Yurt ve Misafirhaneler,tr,
39.88914,32.776787,Araştırma Görevlileri Konutu,guesthouse-for-research-assistants,Yurt ve Misafirhaneler,tr,https://files.catbox.moe/8no84a.jpg
39.8871504364197,32.7683544158936,Aysel Sabuncu Yaşam Merkezi,aysel-sabuncu-guesthouse,Yurt ve Misafirhaneler,tr,https://sabuncugroup.com/uploads/p/Aysel-Sabuncu-Yasam-Merkezi-ODTUANKARA_1.jpg
39.8919579499325,32.7903327941021,Eski Lojmanlar,housings-territory,Yurt ve Misafirhaneler,tr,https://files.catbox.moe/7awvgh.jpg
39.8878172520968,32.79183053968154,Faik Hızıroğlu Erkek Konukevi,faik-hzroglu-guest-house,Yurt ve Misafirhaneler,tr,https://files.catbox.moe/mc6u4u.jpg
39.8863601279593,32.776986122044,Faika Demiray Yurdu,faika-demiray-dormitory,Yurt ve Misafirhaneler,tr,https://files.catbox.moe/stfbvc.jpg
39.8871833657412,32.7765998839459,İsa Demiray Yurdu,isa-demiray-dormitory,Yurt ve Misafirhaneler,tr,https://files.catbox.moe/79iewj.jpg
39.88978473215636,32.79119753835403,Konukevi,guest-house,Yurt ve Misafirhaneler,tr,
39.889043846712,32.7769188880484,Konukevi 1,guesthouse-1,Yurt ve Misafirhaneler,tr,https://files.catbox.moe/8no84a.jpg
39.8881383091837,32.7771763801138,Konukevi 2,guesthouse-2,Yurt ve Misafirhaneler,tr,https://files.catbox.moe/ofmbbx.jpg
39.8880806836634,32.7763059139033,Konukevi 3,guesthouse-3,Yurt ve Misafirhaneler,tr,https://files.catbox.moe/iwve20.jpg
39.8876443745811,32.7761893271963,Konukevi 4,guesthouse-4,Yurt ve Misafirhaneler,tr,
39.8908466539959,32.7908971309444,Misafirhane,guesthouse,Yurt ve Misafirhaneler,tr,https://files.catbox.moe/k25itl.jpg
39.890426826397686,32.77433180806838,ODTÜKENT,odtukent,Yurt ve Misafirhaneler,tr,
39.889107,32.775731,ODTÜKENT Asistan (Lisansüstü) Konukevi - 20. Yurt,odtukent-research-assistants-guest-house-20th,Yurt ve Misafirhaneler,tr,https://files.catbox.moe/bmryxm.jpg
39.8882453278785,32.7914121150752,Osman Yazıcı Konukevi,osman-yazc-guesthouse,Yurt ve Misafirhaneler,tr,
39.8892661131861,32.7913477420589,Öğrenci Konukevi 1 (Kız Konukevi),guesthouse-for-students-1-girls-guesthouse,Yurt ve Misafirhaneler,tr,https://files.catbox.moe/xno3yb.jpg
39.8886816331361,32.7917768955012,Öğrenci Konukevi 2 (EBİ Konukevi),guesthouse-for-students-2-ebi-guest-house,Yurt ve Misafirhaneler,tr,https://files.catbox.moe/4spqma.jpg
39.8885416864691,32.7888801097652,Parlar Vakfı Yurdu - (ODTÜ Geliştirme Vakfı Konukevi),parlar-foundation-dormitory-metu-foundation-guest-house,Yurt ve Misafirhaneler,tr,https://odtu101.com/wp-content/uploads/2021/08/4.png
39.88466422698,32.7771334647696,Refika Aksoy Yurdu,refika-aksoy-dormitory,Yurt ve Misafirhaneler,tr,https://odtu101.com/wp-content/uploads/2021/08/Resim1-3.jpg
39.89334,32.78981,Lojman No [ 1-3-5-7-9 ],housing-no-1-3-5-7-9,Lojmanlar,tr,
39.89263,32.79038,Lojman No [ 10-12 ],housing-no-10-12,Lojmanlar,tr,
39.89116,32.77475,Lojman No [ 1018-1021 ],housing-no-1018-1021,Lojmanlar,tr,
39.89268,32.78998,Lojman No [ 11-13 ],housing-no-11-13,Lojmanlar,tr,
39.88982,32.77519,Lojman No [ 1201-1206 ],housing-no-1201-1206,Lojmanlar,tr,
39.89019,32.77493,Lojman No [ 1207-1210 ],housing-no-1207-1210,Lojmanlar,tr,
39.89046,32.77477,Lojman No [ 1211-1213 ],housing-no-1211-1213,Lojmanlar,tr,
39.89067,32.7746,Lojman No [ 1214-1217 ],housing-no-1214-1217,Lojmanlar,tr,
39.88929,32.77501,Lojman No [ 1301-1306 ],housing-no-1301-1306,Lojmanlar,tr,
39.8897,32.77479,Lojman No [ 1307-1310 ],housing-no-1307-1310,Lojmanlar,tr,
39.88999,32.77452,Lojman No [ 1311-1314 ],housing-no-1311-1314,Lojmanlar,tr,
39.89025,32.77443,Lojman No [ 1315-1318 ],housing-no-1315-1318,Lojmanlar,tr,
39.89233,32.79051,Lojman No [ 14-16-18 ],housing-no-14-16-18,Lojmanlar,tr,
39.88909,32.77465,Lojman No [ 1401-1407 ],housing-no-1401-1407,Lojmanlar,tr,
39.88949,32.77438,Lojman No [ 1408-1411 ],housing-no-1408-1411,Lojmanlar,tr,
39.88981,32.77427,Lojman No [ 1412-1415 ],housing-no-1412-1415,Lojmanlar,tr,
39.89222,32.79014,Lojman No [ 15-17-19 ],housing-no-15-17-19,Lojmanlar,tr,
39.8889,32.77425,Lojman No [ 1501-1507 ],housing-no-1501-1507,Lojmanlar,tr,
39.88933,32.77406,Lojman No [ 1508-1511 ],housing-no-1508-1511,Lojmanlar,tr,
39.88925,32.77353,Lojman No [ 1601-1603 ],housing-no-1601-1603,Lojmanlar,tr,
39.88968,32.7737,Lojman No [ 1604-1605 ],housing-no-1604-1605,Lojmanlar,tr,
39.89008,32.77384,Lojman No [ 1606-1608 ],housing-no-1606-1608,Lojmanlar,tr,
39.89051,32.77402,Lojman No [ 1609-1610 ],housing-no-1609-1610,Lojmanlar,tr,
39.8894,32.77317,Lojman No [ 1611-1614 ],housing-no-1611-1614,Lojmanlar,tr,
39.88978,32.77331,Lojman No [ 1615-1619 ],housing-no-1615-1619,Lojmanlar,tr,
39.89016,32.7735,Lojman No [ 1620-1625 ],housing-no-1620-1625,Lojmanlar,tr,
39.89058,32.7737,Lojman No [ 1626-1629 ],housing-no-1626-1629,Lojmanlar,tr,
39.89091,32.77348,Lojman No [ 1701-1706 ],housing-no-1701-1706,Lojmanlar,tr,
39.89112,32.77338,Lojman No [ 1707-1712 ],housing-no-1707-1712,Lojmanlar,tr,
39.89151,32.77342,Lojman No [ 1713-1715 ],housing-no-1713-1715,Lojmanlar,tr,
39.89166,32.77376,Lojman No [ 1716-1718 ],housing-no-1716-1718,Lojmanlar,tr,
39.89137,32.77389,Lojman No [ 1719/A-1722/A ],housing-no-1719-a-1722-a,Lojmanlar,tr,
39.89143,32.77428,Lojman No [ 1801/A-1804/A ],housing-no-1801-a-1804-a,Lojmanlar,tr,
39.89157,32.77454,Lojman No [ 1805/A-1807/A ],housing-no-1805-a-1807-a,Lojmanlar,tr,
39.89296,32.79025,Lojman No [ 2-4-6-8 ],housing-no-2-4-6-8,Lojmanlar,tr,
39.89198,32.7906,Lojman No [ 20-22-24 ],housing-no-20-22-24,Lojmanlar,tr,
39.89184,32.79021,Lojman No [ 21-23-25-27 ],housing-no-21-23-25-27,Lojmanlar,tr,
39.89164,32.79066,Lojman No [ 26-28-30 ],housing-no-26-28-30,Lojmanlar,tr,
39.88998,32.7756,Lojman No [1011-1106],housing-no-1011-1106,Lojmanlar,tr,
39.89088,32.77501,Lojman No [1014-1017],housing-no-1014-1017,Lojmanlar,tr,
39.89034,32.77536,Lojman No [1107-1110],housing-no-1107-1110,Lojmanlar,tr,
39.89059,32.77519,Lojman No [1111-1113],housing-no-1111-1113,Lojmanlar,tr,
39.89095,32.77209,Lojman No 1901,housing-no-1901,Lojmanlar,tr,
39.891,32.77144,Lojman No 1902,housing-no-1902,Lojmanlar,tr,
39.89062,32.7726,Lojman No 1903,housing-no-1903,Lojmanlar,tr,
39.89049,32.77192,Lojman No 1904,housing-no-1904,Lojmanlar,tr,
39.89057,32.77126,Lojman No 1905,housing-no-1905,Lojmanlar,tr,
39.89007,32.77175,Lojman No 1906,housing-no-1906,Lojmanlar,tr,
39.888436,32.775167,Lojman No 1911,housing-no-1911,Lojmanlar,tr,
39.89118,32.79042,Lojman No 29,housing-no-29,Lojmanlar,tr,
39.89128,32.79079,Lojman No 31,housing-no-31,Lojmanlar,tr,
39.89122,32.79119,Lojman No 32,housing-no-32,Lojmanlar,tr,
39.89091,32.79084,Lojman No 33,housing-no-33,Lojmanlar,tr,
39.89096,32.79122,Lojman No 34,housing-no-34,Lojmanlar,tr,
39.89058,32.7905,Lojman No 35,housing-no-35,Lojmanlar,tr,
39.89065,32.79124,Lojman No 36,housing-no-36,Lojmanlar,tr,
39.89056,32.79089,Lojman No 37,housing-no-37,Lojmanlar,tr,
39.88971,32.79105,Lojman No 38,housing-no-38,Lojmanlar,tr,
39.88991,32.79135,Lojman No 39,housing-no-39,Lojmanlar,tr,
39.9028147748423,32.7697184085628,ODTÜ Geliştirme Vakfı Özel İlköğretim Okulu (ODTÜ Koleji),metu-primary-school-metu-college,Yuva ve Kolej,tr,https://cdn1.enokul.com/wp-content/uploads/2016/07/27151728/odtu-gelistirme-vakfi-okullari-3-ankara-ilkokul.jpg
39.9042221675159,32.7684645652334,ODTÜ Geliştirme Vakfı Özel Lisesi,metu-high-school,Yuva ve Kolej,tr,https://files.catbox.moe/9wzi4z.jpg
39.8956045204033,32.7813577651978,Yuva ve Anaokulu,kindergarten,Yuva ve Kolej,tr,https://files.catbox.moe/sm6mxd.jpg
39.8969503275317,32.7825436591229,Arkeoloji Müzesi,archaeological-museum,Müzeler,tr,https://files.catbox.moe/1qoqfa.jpg
39.9013579695213,32.7712726593018,Bilim ve Teknoloji Müzesi,science-and-technology-museum,Müzeler,tr,https://upload.wikimedia.org/wikipedia/commons/b/b4/ODT%C3%9C_Bilim_ve_Teknoloji_M%C3%BCzesi.jpg
39.88609668978121,32.78122901916504,Jeoloji Müzesi,geology-museum,Müzeler,tr,https://geoe.metu.edu.tr/tr/system/files/new/00.jpg
39.906272,32.770052,Matbaa,printing-house,Müzeler,tr,
39.889534,32.783912,Afet Yönetimi Araştırma ve Uygulama Merkezi (AFET),disaster-management-implementation-and-research-center-afet,Araştırma Birimleri,tr,
39.895397,32.777662,Araştırma Parkı,research-park,Araştırma Birimleri,tr,https://files.catbox.moe/mz4hb7.jpg
39.890859,32.781764,Ayaslı Araştırma Merkezi,ayasl-research-center,Araştırma Birimleri,tr,http://www.ayasligroup.com/views/templates/default/images/ayasli-research-center.jpg
39.896872,32.778288,Bilgi Transfer Ofisi,knowledge-transfer-office,Araştırma Birimleri,tr,https://www.odtuzgarage.com/wp-content/uploads/z-garage-3.jpg
39.893727754414,32.7788579463959,"Bilgisayar Destekli Tasarım, İmalat ve Robotik Araştırma ve Uygulama Merkezi (BİLTİR)",computer-aided-design-manufacturing-and-robotics-research-and-application-center-biltir,Araştırma Birimleri,tr,https://www.nenerede.com.tr/wp-content/uploads/2017/06/ODT%C3%9C-B%C4%B0LT%C4%B0R-Merkezi.jpg
39.900686,32.776554,"Bilim, Teknoloji, Mühendislik ve Matematik Eğitimi Uygulama ve Araştırma Merkezi (BİLTEMM)",center-for-science-technology-engineering-and-mathematics-education-biltemm,Araştırma Birimleri,tr,https://fim.metu.edu.tr/sites/fim.metu.edu.tr/files/gallery/1_0.jpg
39.90859,32.750469,Bilişim ve İnovasyon Merkezi,ict-innovation-experience-center,Araştırma Birimleri,tr,https://yapidergisi.com/wp-content/uploads/2020/03/094-Large.jpg
39.89297044832231,32.77892231941223,Biltir Çarpışma Laboratuvarı,biltir-collision-laboratory,Araştırma Birimleri,tr,https://www.nenerede.com.tr/wp-content/uploads/2017/06/ODT%C3%9C-B%C4%B0LT%C4%B0R-Merkezi.jpg
39.892811053752,32.7816542714208,Biyomalzeme ve Doku Mühendisliği Uygulama ve Araştırma Merkezi (BİOMATEN),biomaterials-and-tissue-engineering-application-and-research-center-biomaten,Araştırma Birimleri,tr,https://biomat.metu.edu.tr/sites/biomat.metu.edu.tr/files/slider/image/ekran_resmi_2022-01-03_16.19.17.png
39.890859,32.781764,E-Devlet Araştırma ve Uygulama Merkezi (EDMER),ayasl-research-center,Araştırma Birimleri,tr,
39.89885,32.778735,Girişimcilik Araştırma ve Uygulama Merkezi (GİMER),center-for-entrepreneurship-research-and-applications-gimer,Araştırma Birimleri,tr,https://feas.metu.edu.tr/sites/feas.metu.edu.tr/files/slider/image/7-7.jpg
39.90048140224231,32.77722716331482,Görsel-İşitsel Sistemler Araştırma ve Uygulama Merkezi (GİSAM),audio-visual-systems-research-and-production-center-gisam,Araştırma Birimleri,tr,https://gisam.metu.edu.tr/wp-content/uploads/2023/03/gisam_onkapi-scaled.jpg
39.890944,32.781821,Görüntü Analizi Uygulama ve Araştırma Merkezi (OGAM),center-for-image-analysis-ogam,Araştırma Birimleri,tr,http://www.ayasligroup.com/views/templates/default/images/ayasli-research-center.jpg
39.894572,32.77843,Güneş Enerjisi Araştırma ve Uygulama Merkezi (GÜNAM),center-for-solar-energy-research-and-applications-gunam,Araştırma Birimleri,tr,https://odtugunam.org/wp-content/uploads/Hakkinda_1.webp
39.89133233369569,32.78322994709015,İnsan Bilgisayar Etkileşimi Araştırma ve Uygulama Laboratuvarı,human-computer-interaction-research-and-application-laboratory,Araştırma Birimleri,tr,https://coordinators.metu.edu.tr/sites/coordinators.metu.edu.tr/files/slider/image/picture1.jpg
39.88853345430337,32.783825397491455,İnşaat Mühendisliği Hidromekanik Laboratuvarı,civil-engineering-hydromechanics-laboratory,Araştırma Birimleri,tr,
39.898937,32.778858,Karadeniz ve Orta Asya Ülkeleri Araştırma Merkezi (KORA),centre-for-black-sea-and-central-asia-kora,Araştırma Birimleri,tr,
39.894823,32.783957,Kariyer Planlama Uygulama ve Araştırma Merkezi (ODTÜKPM),career-planning-application-and-research-center-odtukpm,Araştırma Birimleri,tr,https://ihm.metu.edu.tr/tr/system/files/IHM/NOBETCIAMIRLIGI/rektc3b6rlc3bck.jpg
39.9053332465743,32.7707898616791,Kaynak Teknolojisi ve Tahribatsiz Muayene Araştırma Merkezi (KTTMM),welding-technology-and-non-destructive-testing-research-center-kttmm,Araştırma Birimleri,tr,
39.886613,32.783802,Kıyı ve Deniz Mühendisliği Laboratuvarı,coastal-and-ocean-engineering-laboratory,Araştırma Birimleri,tr,
39.8921,32.777932,Konfüçyus Uygulama ve Araştırma Merkezi (KONFÜÇYUS),confucius-institute-konfucyus,Araştırma Birimleri,tr,https://ii.metu.edu.tr/sites/ii.metu.edu.tr/files/styles/slider_image/public/slider/standard_image/img_5768_0.png?itok=uIwIqtUP
39.8936001653868,32.777983546257,Kriptoloji Laboratuvarı,cryptology-laboratory,Araştırma Birimleri,tr,https://files.catbox.moe/a3u97v.jpg
39.8900563881463,32.7818888425827,Merkezi Laboratuvar ARGE Eğitim ve Ölçme Merkezi,turkish-language,Araştırma Birimleri,tr,https://files.catbox.moe/of2mzz.jpg
39.8958103030213,32.780140042305,Merkezi Laboratuvar Molekuler Biyoloji ve Biyoteknoloji AR-GE Merkezi,central-laboratory-molecular-biology-and-biotechnology-r-d-center,Araştırma Birimleri,tr,https://bio.metu.edu.tr/en/system/files/bolum-large.jpg
39.88397679884642,32.77514040470123,Mikrobiyoloji Laboratuvarı,microbiology-laboratory,Araştırma Birimleri,tr,
39.911042,32.750984,Mikroelektromekanik Sistemler Araştırma ve Uygulama Merkezi (MEMS),micro-electro-mechanical-systems-research-and-application-center-mems,Araştırma Birimleri,tr,https://www.nenerede.com.tr/wp-content/uploads/2017/06/ODT%C3%9C-MEMS-Adres.jpg
39.8944192004944,32.7778494358063,ODTÜ - TSK Modelleme ve Simülasyon Araştırma ve Uygulama Merkezi (TSK-MODSİMMER),turkish-armed-forces-modeling-and-simulation-r-d-center-tsk-modsimmer,Araştırma Birimleri,tr,https://modsim.metu.edu.tr/sites/modsim.metu.edu.tr/files/slider/image/1.jpg
39.8861296196088,32.7795445919037,ODTÜ-PAL LPG Binası,metu-pal-lpg-building,Araştırma Birimleri,tr,https://pal.metu.edu.tr/sites/pal.metu.edu.tr/files/slider/image/pal_bina_0.jpg
39.892391,32.783234,Öğrenme ve Öğretmeyi Geliştirme Uygulama ve Araştırma Merkezi (ÖGEM),center-for-advancing-learning-and-teaching-ogem,Araştırma Birimleri,tr,https://muhfd.metu.edu.tr/sites/muhfd.metu.edu.tr/files/es-eng.jpg
39.886817026149,32.7793246507645,Petrol Araştırma Merkezi (PAL),petroleum-research-centre-pal,Araştırma Birimleri,tr,https://pal.metu.edu.tr/sites/pal.metu.edu.tr/files/slider/image/pal_bina_0.jpg
39.883157,32.777148,Rüzgar Enerjisi Teknolojileri Uygulama ve Araştırma Merkezi (RÜZGEM),center-for-wind-energy-ruzgem,Araştırma Birimleri,tr,https://files.catbox.moe/7av749.jpg
39.887199830395986,32.78378248214722,Su Kaynakları Laboratuvarı,water-resources-laboratory,Araştırma Birimleri,tr,
39.89133233369569,32.78162062168121,Süreç Denetim Laboratuvarı,process-control-laboratory,Araştırma Birimleri,tr,
39.8982467222516,32.7755212783813,Sürekli Eğitim Merkezi,continuing-education-center,Araştırma Birimleri,tr,https://files.catbox.moe/kkfwpo.jpg
39.89696,32.782482,Tarihsel Çevre Değerlerini Araştırma ve Uygulama Merkezi (TAÇDAM),center-for-research-and-assessment-of-historical-environment-tacdam,Araştırma Birimleri,tr,https://www.kulturportali.gov.tr/repoKulturPortali/large/SehirRehberi//GezilecekYer/20200321152203559_ODTU%20Arkeoloji%20Muzesi.jpg?format=jpg&quality=50
39.906013,32.767885,Tasarım ve Önmodelleme Uygulama ve Araştırma Merkezi (ODTÜ Tasarım Fabrikası),design-and-prototyping-application-and-research-center-metu-design-factory,Araştırma Birimleri,tr,https://bilimgenc.tubitak.gov.tr/sites/default/files/styles/bp-770px-custom_user_desktop_1x/public/tasarim_fabrikasi.png?itok=uWTCNjwe
39.901692,32.771201,Toplum ve Bilim Uygulama ve Araştırma Merkezi (TBM),society-and-science-application-and-research-center-tbm,Araştırma Birimleri,tr,https://tbm.metu.edu.tr/wp-content/uploads/2019/09/DSC_0343.jpg
39.8886075437598,32.7799844741821,TÜBİTAK - SAGE Savunma Sanayi Kontrol Labaratuvarı,tubitak-sage-defense-industry-control-laboratory,Araştırma Birimleri,tr,
39.8909783640851,32.7787292003632,TÜBİTAK - Uzay Teknolojileri Araştırma Enstitüsü (UZAY),tubitak-space-technologies-research-institute-uzay,Araştırma Birimleri,tr,https://files.catbox.moe/hehz0w.jpg
39.892364,32.783649,Uygulamalı Etik Araştırma Merkezi (UEAM),applied-ethics-research-center-ueam,Araştırma Birimleri,tr,
39.8972589951656,32.7779996395111,Yapılı Çevre ve Tasarım Uygulama ve Araştırma Merkezi (YTM-MATPUM),research-and-application-center-for-the-built-environment-ytm-matpum,Araştırma Birimleri,tr,https://www.odtuzgarage.com/wp-content/uploads/z-garage-3.jpg
39.89213904830382,32.782312631607056,Yüksek Gerilim Laboratuvarı,high-voltage-laboratory,Araştırma Birimleri,tr,https://eee.metu.edu.tr/sites/eee.metu.edu.tr/files/images/lab_hv.jpg
39.885042926946426,32.78148114681244,Yüksek Radyasyon Binası,high-radiation-building,Araştırma Birimleri,tr,
39.8907067117489,32.7882792949458,Fizik Tedavi ve Acil,physical-therapy-and-emergency,Sağlık Birimleri,tr,
39.8919826451931,32.7883007526179,Ortadoğu Eczanesi,ortadogu-pharmacy,Sağlık Birimleri,tr,https://files.catbox.moe/s4x48f.jpg
39.89271526721103,32.78827929494582,Özge Eczanesi,ozge-pharmacy,Sağlık Birimleri,tr,https://files.catbox.moe/dcoygv.jpg
39.8999752103964,32.7783443927547,Psikolojik Danışma Merkezi Hazırlık Ünitesi,psychological-counseling-center-preparatory-school-unit,Sağlık Birimleri,tr,https://files.catbox.moe/6tdwt1.jpg
39.8957444526508,32.7822282314082,Psikolojik Danışma Merkezi Matematik Ünitesi,psychological-counseling-center-department-of-maths-unit,Sağlık Birimleri,tr,https://fef.metu.edu.tr/system/files/images/matematik.jpg
39.8908836974841,32.7887184619794,Sağlık ve Rehberlik Merkezi,medical-center,Sağlık Birimleri,tr,https://files.catbox.moe/7839z1.jpg
39.90750597132854,32.78409504888259,A1 Kapısı,a1-gate,Yerleşke Girişleri,tr,https://adayogrenci.metu.edu.tr/sites/default/files/images/header.jpg
39.907761,32.767448,A2 Çıkış Kapısı,a2-exit-gate,Yerleşke Girişleri,tr,
39.8910359871695,32.79377245900832,A4 Kapısı,a4-gate,Yerleşke Girişleri,tr,https://files.catbox.moe/0eairw.jpg
39.901236,32.769251,A7 Kapısı,a7-gate,Yerleşke Girişleri,tr,
39.900183,32.774455,A8 Kapısı,a8-gate,Yerleşke Girişleri,tr,
39.890861,32.767112,A9 Kapısı,a9-gate,Yerleşke Girişleri,tr,
39.906965,32.765994,Bilkent Metro Çıkışı,bilkent-subway-stop,Yerleşke Girişleri,tr,https://files.catbox.moe/crvngb.jpg
39.899022,32.769391,ODTÜ Teknokent Girişi,metu-technopolis-entrance,Yerleşke Girişleri,tr,
39.8907190596057,32.7884012460709,1. Yurt Otoparkı,1st-dormitory-parking-lot,Otoparklar,tr,
39.8904823919627,32.7889940142632,2. Yurt Otoparkı,2nd-dormitory-parking-lot,Otoparklar,tr,
39.8897271080201,32.7883207798004,3. Yurt Otoparkı,3rd-dormitory-parking-lot,Otoparklar,tr,
39.8887310260091,32.7891093492508,6. Yurt Otoparkı,6th-dormitory-parking-lot,Otoparklar,tr,
39.8893813621852,32.7890825271606,7. Yurt Otoparkı,7th-dormitory-parking-lot,Otoparklar,tr,
39.8890561948684,32.7881813049316,8. Yurt Otopark Alanı,8th-dormitory-parking-lot,Otoparklar,tr,
39.90726730417519,32.78387904167175,A1 Kapısı Otoparkı,a1-gate-parking-lot,Otoparklar,tr,
39.907036,32.766301,A2 Kapısı Uydu Otoparkı,a2-gate-parking-lot,Otoparklar,tr,
39.89146198489803,32.793540358543396,A4 Kapısı Otoparkı,a4-gate-parking-lot,Otoparklar,tr,
39.889436,32.776792,Araştırma Görevlileri Konutu Otoparkı,research-assistant-s-housing-parking-lot,Otoparklar,tr,
39.889436,32.776792,Araştırma Görevlileri Konutu Otoparkı-2,research-assistant-s-housing-parking-lot,Otoparklar,tr,
39.89309392271253,32.77269959449768,Aselsan Otoparkı,aselsan-parking-lot,Otoparklar,tr,
39.891735692186536,32.788578271865845,Bankalar Bölgesi Otoparkı,bank-territory-parking-lot,Otoparklar,tr,
39.889825892224,32.785912156105,Baraka Spor Salonu Otoparkı,baraka-gymnasium-parking-lot,Otoparklar,tr,
39.896081935131,32.781572341918945,Beşeri Bilimler Otoparkı,human-sciences-parking-lot,Otoparklar,tr,
39.8914763905721,32.7836644649506,BİDB Otoparkı,computer-center-parking-lot,Otoparklar,tr,
39.90157608076404,32.77341842651367,Bilgisayar ve Öğretim Teknolojileri Eğitimi Otoparkı,computer-education-and-instructional-technology-parking-lot,Otoparklar,tr,
39.90194645675551,32.772619128227234,Bilgisayar ve Öğretim Teknolojileri Eğitimi Otoparkı-2,computer-education-and-instructional-technology-parking-lot-2,Otoparklar,tr,
39.89357135492846,32.77914762496948,BİLTİR Otoparkı,biltir-parking-lot,Otoparklar,tr,
39.8958596907577,32.7797162532806,Biyolojik Bilimler Bölümü Otoparkı,biological-sciences-parking-lot,Otoparklar,tr,
39.892196670412524,32.78921663761139,Çarşı Otoparkı,shopping-center-parking-lot,Otoparklar,tr,
39.8882823727724,32.7918183803558,EBİ Konukevi Otoparkı,ebi-guesthouse-parking-lot,Otoparklar,tr,
39.90088059154865,32.77649760246277,Eğitim Fakültesi Otoparkı,education-parking-lot,Otoparklar,tr,
39.89037331877398,32.78201758861542,Elektrik Mühendisliği Otoparkı,electrical-and-electronics-engineering-parking-lot,Otoparklar,tr,
39.8910318712365,32.7817815542221,Elektrik Mühendisliği Otoparkı-2,electrical-and-electronics-engineering-parking-lot-2,Otoparklar,tr,
39.8922337131711,32.7820175886154,Endüstri Mühendisliği Otoparkı,industrial-engineering-parking-lot,Otoparklar,tr,
39.8923160303407,32.7775919437408,Enformatik Enstitüsü Otoparkı,informatics-institute-parking-lot,Otoparklar,tr,
39.88589911048339,32.7772057056427,Faika Demiray Yurdu Otoparkı,faika-demiray-dormitory-parking-lot,Otoparklar,tr,
39.89362897583306,32.782055139541626,Fizik Bölümü Otoparkı,physics-parking-lot,Otoparklar,tr,
39.88721423696569,32.77903765439987,Gıda Mühendisliği Otoparkı,food-engineering-parking-lot,Otoparklar,tr,
39.888084799773594,32.77899205684662,Gıda Mühendisliği Otoparkı-2,food-engineering-parking-lot-2,Otoparklar,tr,
39.900131595268306,32.7770072221756,GİSAM Otoparkı,gisam-parking-lot,Otoparklar,tr,
39.899868210015306,32.77517795562744,Gümüş Blok-1 Otoparkı,silver-building-1-parking-lot,Otoparklar,tr,
39.898971046400185,32.773622274398804,Gümüş Blok-2 Otoparkı,silver-building-2-parking-lot,Otoparklar,tr,
39.89759647018768,32.776599526405334,Halıcı Binası Otoparkı,halc-building-parking-lot,Otoparklar,tr,
39.884540737397,32.7777743339539,Havacılık Hangar Binası Otoparkı,aerospace-engineering-hangar-building-parking-lot,Otoparklar,tr,
39.88495236844708,32.77801036834717,Havacılık ve Uzay Mühendisliği Otoparkı,aerospace-engineering-parking-lot,Otoparklar,tr,
39.885331066830425,32.77876675128937,Havacılık ve Uzay Mühendisliği Otoparkı-2,aerospace-engineering-parking-lot-2,Otoparklar,tr,
39.89299514321816,32.771809101104736,Havelsan Otoparkı,havelsan-parking-lot,Otoparklar,tr,
39.88859931160189,32.784093618392944,Hidromekanik Lab. Otoparkı,hydromechanics-lab-parking-lot,Otoparklar,tr,
39.89867884837515,32.78247356414795,İktisadi ve İdari Bilimler Fakültesi Otoparkı,economic-and-administrative-sciences-parking-lot,Otoparklar,tr,
39.898057408996245,32.78229117393494,İktisadi ve İdari Bilimler Fakültesi Otoparkı-2,economic-and-administrative-sciences-parking-lot-2,Otoparklar,tr,
39.89850599825271,32.778101563453674,İktisadi ve İdari Bilimler Fakültesi-2 Otopark Alanı,economic-and-administrative-sciences-2-parking-lot,Otoparklar,tr,
39.889813544206326,32.783841490745544,İnşaat Mühendisliği Otoparkı,civil-engineering-parking-lot,Otoparklar,tr,
39.89022925957942,32.78411507606506,İnşaat Mühendisliği Otoparkı-2,civil-engineering-parking-lot-2,Otoparklar,tr,
39.89097836408508,32.78399705886841,İnşaat Mühendisliği Otoparkı-3,civil-engineering-parking-lot-3,Otoparklar,tr,
39.88751265808602,32.77649760246277,İsa Demiray Yurdu Otoparkı,isa-demiray-dormitory-parking-lot,Otoparklar,tr,
39.89315977562966,32.78171181678772,İstatistik Bölümü Otoparkı,statistics-parking-lot,Otoparklar,tr,
39.8866276813227,32.7815186977386,Jeoloji Mühendisliği Otoparkı,geological-engineering-parking-lot,Otoparklar,tr,
39.892949869235636,32.784088253974915,Kafeterya Otoparkı,cafeteria-parking-lot,Otoparklar,tr,
39.88781313597053,32.782098054885864,Kimya Mühendisliği Otoparkı,chemical-engineering-parking-lot,Otoparklar,tr,
39.888311185453794,32.781803011894226,Kimya Mühendisliği Otoparkı-2,chemical-engineering-parking-lot-2,Otoparklar,tr,
39.88997406826306,32.79086351394653,Konukevi Otoparkı,guesthouse-parking-lot,Otoparklar,tr,
39.889539829242686,32.79101371765137,Konukevi Otoparkı,guesthouse-parking-lot-2,Otoparklar,tr,
39.898752926865576,32.77647078037262,KOSGEB Teknoloji Geliştirme Merkezi Otopark Alanı,kosgeb-technology-center-parking-lot,Otoparklar,tr,
39.89873234951516,32.77515113353729,KOSGEB Teknoloji Geliştirme Merkezi Otopark Alanı-2,kosgeb-technology-center-parking-lot-2,Otoparklar,tr,
39.89368248091538,32.77749001979828,Kriptoloji Otoparkı,kriptoloji-parking-lot,Otoparklar,tr,
39.89408582557643,32.787081599235535,Kültür ve Kongre Merkezi Otoparkı,cultural-and-convention-center-parking-lot,Otoparklar,tr,
39.896921518481555,32.78316020965576,Kütüphane Otoparkı,library-parking-lot,Otoparklar,tr,
39.8909042771911,32.790225148201,Lojmanlar Otoparkı-1,housings-territory-parking-lot-1,Otoparklar,tr,
39.8915648825031,32.789860367775,Lojmanlar Otoparkı-2,housings-territory-parking-lot-2,Otoparklar,tr,
39.8915895779054,32.7898254990578,Lojmanlar Otoparkı-3,housings-territory-parking-lot-3,Otoparklar,tr,
39.8929498692356,32.7896511554718,Lojmanlar Otoparkı-4,housings-territory-parking-lot-4,Otoparklar,tr,
39.885590391690634,32.78051555156708,Maden Mühendisliği Otoparkı,mining-engineering-parking-lot,Otoparklar,tr,
39.88876395457138,32.782548666000366,Maden Mühendisliği Otoparkı-2,mechanical-engineering-parking-lot-2,Otoparklar,tr,
39.8890520788165,32.7818137407303,Makina Mühendisliği Otoparkı-1,mechanical-engineering-parking-lot-1,Otoparklar,tr,
39.889834124234596,32.78070867061615,Makina Mühendisliği Otoparkı-3,mechanical-engineering-parking-lot-3,Otoparklar,tr,
39.88939782631215,32.779844999313354,Makina Mühendisliği Otoparkı-4,mechanical-engineering-parking-lot-4,Otoparklar,tr,
39.89566213959865,32.78189420700073,Matematik Bölümü Otoparkı,mathematics-parking-lot,Otoparklar,tr,
39.89208142614667,32.78353035449982,Merkez Mühendislik Otopark Alanı,engineering-sciences-parking-lot,Otoparklar,tr,
39.89240657911314,32.78377175331116,Merkez Mühendislik Otoparkı-2,engineering-sciences-parking-lot-2,Otoparklar,tr,
39.889830008229445,32.78226435184479,Merkezi Laboratuvar Otopark Alanı,central-laboratory-parking-lot,Otoparklar,tr,
39.88559656608011,32.78393268585205,Mescit Otoparkı,mescit-parking-lot,Otoparklar,tr,
39.8862695711997,32.7830636501312,Metalurji ve Malzeme Mühendisliği Otoparkı,metallurgical-and-materials-engineering-parking-lot,Otoparklar,tr,
39.89761704787918,32.77849853038788,"Mimarlık Fakültesi Araştırma, Tasarım, Planlama ve Uygulama Merkezi Otopark Alanı",research-and-implementation-centre-for-built-environment-and-design-parking-lot,Otoparklar,tr,
39.897456541721645,32.78092324733734,Mimarlık Fakültesi Otoparkı,architecture-parking-lot,Otoparklar,tr,
39.897983329753956,32.78194785118103,Mimarlık Fakültesi Otoparkı-2,architecture-parking-lot-2,Otoparklar,tr,
39.901921765085,32.7692824602127,ODTÜ Geliştirme Vakfı Özel İlköğretim Okulu Otoparkı,metu-primary-school-parking-lot,Otoparklar,tr,
39.9036789667517,32.7692288160324,ODTÜ Geliştirme Vakfı Özel İlköğretim Okulu Otoparkı-2,metu-primary-school-parking-lot-2,Otoparklar,tr,
39.9047653639734,32.7676624059677,ODTÜ Geliştirme Vakfı Özel Lisesi Otoparkı,metu-high-school-parking-lot,Otoparklar,tr,
39.89719314618698,32.775805592536926,ODTÜ İkizleri Otoparkı,metu-twins-parking-lot,Otoparklar,tr,
39.8966581208906,32.77666926383972,ODTÜ İkizleri Otoparkı-2,metu-twins-parking-lot-2,Otoparklar,tr,
39.89605724134733,32.77590751647949,ODTÜ İkizleri Otoparkı-3,metu-twins-parking-lot-3,Otoparklar,tr,
39.889418406465246,32.77663171291351,ODTÜ Kent Konukevi-1 Otoparkı,odtu-kent-guest-house-1-parking-lot,Otoparklar,tr,
39.887938677710274,32.777449786663055,ODTÜ Kent Konukevi-2 Otoparkı,odtu-kent-guest-house-2-parking-lot,Otoparklar,tr,
39.89032804305973,32.7751350402832,ODTÜ Kent Otoparkı,odtu-kent-parking-lot,Otoparklar,tr,
39.89621363516025,32.78112173080444,ODTÜ Yuva Otoparkı,metu-kindergarden-parking-lot,Otoparklar,tr,
39.88869192332088,32.78864532709122,Parlar Vakfı Yurdu Otoparkı,parlar-foundation-dormitory-parking-lot,Otoparklar,tr,
39.88668119187008,32.778326869010925,Petrol ve Doğalgaz Mühendisliği Otoparkı,petroleum-and-natural-gas-engineering-parking-lot,Otoparklar,tr,
39.88695491824769,32.779598236083984,Petrol ve Doğalgaz Mühendisliği Otoparkı-2,petroleum-and-natural-gas-engineering-parking-lot-2,Otoparklar,tr,
39.89744831062653,32.77474880218506,Platin Blok-1 Otoparkı,platinum-building-1-parking-lot,Otoparklar,tr,
39.89643587838578,32.77446985244751,Platin Blok-2 Otopark Alanı,platinum-building-2-parking-lot,Otoparklar,tr,
39.89999167197871,32.77879357337952,Psikolojik Danışma Merkezi Otoparkı,psychological-counseling-center-parking-lot,Otoparklar,tr,
39.884194965405165,32.77690529823303,Refika Aksoy Yurdu Otoparkı,refika-aksoy-dormitory-parking-lot,Otoparklar,tr,
39.894629102388535,32.784463763237,Rektörlük Otoparkı,presidency-parking-lot,Otoparklar,tr,
39.890842538051544,32.78913080692291,Sağlık Merkezi Otoparkı,medical-center-parking-lot,Otoparklar,tr,
39.88869809743103,32.79075622558594,Sami Kırdar Yurdu Otoparkı,sami-krdar-dormitory-parking-lot,Otoparklar,tr,
39.894629102388535,32.78488218784332,Sosyal Bina Otoparkı,social-building-parking-lot,Otoparklar,tr,
39.89175009780303,32.78786480426788,Spor Salonu Otoparkı,gymnasium-parking-lot,Otoparklar,tr,
39.892402463262464,32.77667999267578,Spor Salonu Otoparkı,gymnasium-parking-lot-2,Otoparklar,tr,
39.8981849897258,32.77571976184845,Sürekli Eğitim Merkezi Otopark Alanı,continuing-education-center-parking-lot,Otoparklar,tr,
39.893744217496945,32.77137994766235,TAI Otoparkı,tai-parking-lot,Otoparklar,tr,
39.89993817182188,32.779598236083984,Temel İngilizce Bölümü Otoparkı,basic-english-parking-lot,Otoparklar,tr,
39.89312479127531,32.78904229402542,Tenis Kortları Otoparkı,tennis-courts-parking-lot,Otoparklar,tr,
39.89125824718426,32.778106927871704,Tübitak Uzay Otoparkı,tubitak-space-parking-lot,Otoparklar,tr,
39.90051020979589,32.781572341918945,Yabancı Diller Yüksekokulu Otoparkı,school-of-foreign-languages-parking-lot,Otoparklar,tr,
39.9026995484309,32.7713477611542,Yapı İşleri Teknik Daire Başkanlığı Otoparkı,directorate-of-construction-technical-works-parking-lot,Otoparklar,tr,
39.889776500139845,32.789538502693176,Yurtlar Bölgesi Otoparkı,dormitory-territory-parking-lot,Otoparklar,tr,
39.88952953918514,32.78674900531769,Yüzme Havuzu Otoparkı,swimming-pool-parking-lot,Otoparklar,tr,
39.888709,32.774068,1501-1511 Lojman girişi,1501-1511-residence-entrance,Duraklar,tr,
39.89109,32.77293,1707-1712 Lojman girişi,1707-1712-residence-entrance,Duraklar,tr,
39.891902,32.774486,1801-1807 Lojman girişi,1801-1807-residence-entrance,Duraklar,tr,
39.90748539660669,32.784292101860046,A1 Kapısı Otobüs Durağı,a1-gate-bus-stop,Duraklar,tr,
39.907151,32.766113,A2 Metro Çıkışı Otobüs Durağı,a2-metro-gate-bus-stop,Duraklar,tr,
39.887649,32.777873,Batı Yurtlar Otobüs Durağı,west-dormitories-territory-bus-stop,Duraklar,tr,
39.9013867767064,32.7728612422834,Bilim ve Teknoloji Müzesi Otobüs Durağı,science-and-technology-museum-bus-stop,Duraklar,tr,
39.892054,32.787592,Büyük Spor Salonu Otobüs Durağı,big-sports-hall-bus-stop,Duraklar,tr,
39.8892825773407,32.7906396388789,Doğu Yurtlar Bölgesi Otobüs Durağı,east-dormitory-territory-bus-stop,Duraklar,tr,
39.8999999027684,32.7761871814619,Eğitim Fakültesi Otobüs Durağı,education-bus-stop,Duraklar,tr,
39.891859168801055,32.78122901916504,Endüstri Mühendisliği Bölümü Otobüs Durağı,industrial-engineering-bus-stop,Duraklar,tr,
39.892402,32.777244,Enformatik Enstitüsü Otobüs Durağı,informatic-institute-bus-stop,Duraklar,tr,
39.89456736660404,32.781078815460205,Fizik Bölümü Otobüs Durağı,physics-bus-stop,Duraklar,tr,
39.904115,32.769847,Garajlar Otobüs Durağı,garages-bus-stop,Duraklar,tr,
39.887786,32.779361,Gıda Mühendisliği Otobüs Durağı,food-engineering-bus-stop,Duraklar,tr,
39.884755,32.777719,Havacılık ve Uzay Mühendisliği Otobüs Durağı,aerospace-engineering-bus-stop,Duraklar,tr,
39.8983125702178,32.7769542932401,İktisadi ve İdari Bilimler Fakültesi Otobüs Durağı,economic-and-administrative-sciences-bus-stop,Duraklar,tr,
39.890776,32.784142,İnşaat Mühendisliği Otobüs Durağı,civil-engineering-bus-stop,Duraklar,tr,
39.886823,32.781413,Jeoloji Mühendisliği Otobüs Durağı,geological-engineering-bus-stop,Duraklar,tr,
39.8873315474921,32.7825869321714,Kimya Mühendisliği Bölümü Otobüs Durağı,chemical-engineering-bus-stop,Duraklar,tr,
39.893431,32.78575,Kültür Kongre Merkezi Otobüs Durağı,cultural-and-convention-center-bus-stop,Duraklar,tr,
39.89881054341389,32.78375566005707,Kütüphane Otobüs Durağı,library-bus-stop,Duraklar,tr,
39.88952953918514,32.78152942657471,Makina Mühendisliği Bölümü Otobüs Durağı,mechanical-engineering-bus-stop,Duraklar,tr,
39.890427,32.775698,Market Önü Otobüs Durağı,market-bus-stop,Duraklar,tr,
39.89812325714438,32.780799865722656,Mimarlık Fakültesi Otobüs Durağı,architecture-bus-stop,Duraklar,tr,
39.908013,32.784062,ODTÜ Metro Durağı,odtu-subway-stop,Duraklar,tr,
39.889654,32.777272,ODTÜKENT Otobüs Durağı,odtukent-bus-stop,Duraklar,tr,
39.892211,32.789188,Postane Otobüs Durağı,post-office-bus-stop,Duraklar,tr,
39.89614778517727,32.7842116355896,Rektörlük Otobüs Durağı,presidency-bus-stop,Duraklar,tr,
39.8997673825802,32.7760097980445,Teknokent Otobüs Durağı,technopolis-bus-stop,Duraklar,tr,
39.8903980146055,32.7878226041685,1. Yurt PC Salonu,1st-dormitory-pc-room,Bilgisayar Laboratuvarlari,tr,
39.8902004477042,32.7893085479627,2. Yurt PC Salonları 1-2-3,2nd-dormitory-pc-rooms-1-2-3,Bilgisayar Laboratuvarlari,tr,
39.8956991804843,32.7824420928846,Beşeri Bilimler Binası PC Salonu,social-sciences-building-pc-room,Bilgisayar Laboratuvarlari,tr,
39.8864095225049,32.7773480414908,Faika Demiray Yurdu PC Salonu,faika-demiray-dormitory-pc-room,Bilgisayar Laboratuvarlari,tr,
39.887199830396,32.7770690917532,İsa Demiray Yurdu PC Salonu,isa-demiray-dormitory-pc-room,Bilgisayar Laboratuvarlari,tr,
39.884730088,32.7768759727041,Refika Aksoy Yurdu PC Salonu,refika-aksoy-dormitory-pc-room,Bilgisayar Laboratuvarlari,tr,
39.8915216655278,32.7833440303584,Bilgi İşlem Daire Başkanlığı Kioskları,computer-center-building-classrooms-bmb-g102,Kiosklar,tr,
39.89426,32.78632,Fakülte Kulübü (KKM) - Bakiye Güncelleme Terminali,faculty-club-ccc-balance-update-terminal,Kiosklar,tr,
39.89433,32.78633,Fakülte Kulübü (KKM) - Kiosk,faculty-club-ccc-kiosk,Kiosklar,tr,
39.905746,32.769473,Garaj Yemekhane (Atölyeler) - Kiosk,workshop-dining-hall-kiosk,Kiosklar,tr,
39.893517,32.784147,Kafeterya Alt Kat - Bakiye Güncelleme Terminali,cafeteria-balance-update-terminal,Kiosklar,tr,
39.893674249367,32.7837556600571,Kafeterya Alt Kat - Kiosk (x2),cafeteria-lower-floor-kiosk,Kiosklar,tr,
39.893809,32.783717,Kafeterya Üst Kat - Bakiye Güncelleme Terminali,cafeteria-balance-update-terminal-2,Kiosklar,tr,
39.893801,32.783637,Kafeterya Üst Kat - Kiosk,cafeteria-upper-floor-kiosk,Kiosklar,tr,
39.8960942820195,32.7831126451383,Kütüphane Kioskları,library-s-kiosks,Kiosklar,tr,
39.8947237638168,32.7840936183929,Öğrenci İşleri Daire Başkanlığı Kiosku,registrars-office,Kiosklar,tr,
39.894749,32.784985,Sosyal Bina Üst Kat - Bakiye Güncelleme Terminali,social-building-balance-update-terminal,Kiosklar,tr,
39.894765,32.78495,Sosyal Bina Üst Kat - Kiosk,social-building-upper-floor-kiosk,Kiosklar,tr,
39.892654,32.769692,Arıtma Tesisi,treatment-plant,Teknokent,tr,
39.89338202875796,32.77360224721633,Aselsan,aselsan,Teknokent,tr,https://lh3.googleusercontent.com/proxy/5kNBUlZzabZigf2vsveWIjFnY_mtDUdZQBoDL7DEvfR8d1X6Cvp0w1xDDdpE7N5McKuJYGyQogQm3V4qLpLfGs4PneRYTIZOy2oK6oUQwnh_9Q
39.8976540877083,32.7739119529724,Galyum Blok,gallium-block,Teknokent,tr,https://www.mimarizm.com/Files/IlkYapi/2010/5/7/123038/123038.jpg
39.8995883620748,32.7752959728241,Gümüş Bloklar,silver-blocks,Teknokent,tr,https://lh6.googleusercontent.com/proxy/n4ZiQLEqZ0vrcM6i9ABRNqQsSQAF3cD252LrtcMg47-hVySztN8l98NQ-pVMmuwt-n15uhJvzsn5Tg7jbWwkqRaUnWasX1A1WHdpEYOoaQhbkk_kLctZ
39.8975553147862,32.7758431434631,Halıcı Yazılımevi,halc-softwarehouse,Teknokent,tr,
39.89346434454854,32.77262592313491,Havelsan Ar-Ge,havelsan-r-d,Teknokent,tr,https://files.catbox.moe/wntnrt.jpg
39.8965840401357,32.7758002281189,İkizler Binası,twins-building,Teknokent,tr,https://www.tektonika.com.tr/panel/assets/images/project/detail/1a29.jpg
39.8987076566865,32.7759504318237,KOSGEB Teknoloji Geliştirme Merkezi,kosgeb-technology-center,Teknokent,tr,
39.899284,32.772835,Kuluçka Merkezi YFYI Zone 1,incubation-centers-yfyi-zone-1,Teknokent,tr,
39.898047,32.776128,Kuluçka Merkezi YFYI Zone 2,incubation-centers-yfyi-zone-2,Teknokent,tr,
39.898679,32.774672,Kuluçka Merkezi YFYI Zone 3,incubation-centers-yfyi-zone-3,Teknokent,tr,
39.8967486639267,32.7735257148743,Milsoft Ar-Ge Binası,milsoft-r-d-building,Teknokent,tr,
39.897865,32.775233,Ortak Sağlık ve Güvenlik Birimi (OSGB),common-health-and-safety-unit,Teknokent,tr,
39.893636,32.772074,SATGEB Bölgesi,defence-technologies-zone,Teknokent,tr,
39.8999752103964,32.77348279953,Silikon Blok,silicon-block,Teknokent,tr,https://www.eda-ltd.com.tr/wp-content/uploads/2011/06/silicon_block-e1541061006219.png
39.894594,32.772137,TAI B Blok,tai-b-block,Teknokent,tr,
39.894106404322024,32.771982192971336,TAİ A Blok,tai-a-block,Teknokent,tr,
39.895647,32.771837,Titanyum Blok,titanyum-block,Teknokent,tr,https://www.tecemimarlik.com/wp-content/uploads/2021/09/titanyum.jpg
39.896217,32.771621,Titanyum C Blok,titanyum-c-block,Teknokent,tr,https://www.tecemimarlik.com/wp-content/uploads/2021/09/titanyum.jpg
39.897692,32.770712,Türk Telekom Ar-Ge Binası,turk-telekom-r-d-building,Teknokent,tr,
39.897413,32.778094,Z-Garage,z-garage,Teknokent,tr,https://www.odtuzgarage.com/wp-content/uploads/z-garage-3.jpg
39.892134,32.787791,Akbank,akbank,Bankalar,tr,https://files.catbox.moe/0zwa41.jpg
39.8915710563545,32.7895452976009,İş Bankası,is-bankas,Bankalar,tr,https://files.catbox.moe/y4magl.jpg
39.89243950590983,32.78815984725952,Vakıfbank,vakf-bank,Bankalar,tr,https://files.catbox.moe/myey01.jpg
39.892071,32.788094,Ziraat Bankası,ziraat-bank,Bankalar,tr,https://photos.wikimapia.org/p/00/01/76/69/66_big.jpg
39.889924,32.785955,Baraka Spor Salonu İş Bankası ATM,baraka-gymnasium-is-bank-atm,ATM'ler,tr,
39.8925177069885,32.7878286838313,"İş Bankası, HSBC Bank, Garanti Bankası, İNG Bank, Finansbank, Halkbankası ATM’leri",is-bank-hsbc-bank-garanti-bank-ing-bank-finansbank-halkbankasi-atms,ATM'ler,tr,
39.8946908381174,32.7845556735883,Kafeterya İş Bankası ATM,cafeteria-is-bank-atm,ATM'ler,tr,
39.9043127005578,32.7694441079984,"ODTÜ Geliştirme Vakfı Okulları Akbank, İş Bankası ATM",metu-high-school-akbank-is-bankas-atm,ATM'ler,tr,
39.891639,32.789485,PTT Yanı İşbankası ATM,isbank-atm-next-to-the-post-office,ATM'ler,tr,
39.89900397004321,32.77525305747986,"Teknokent İş Bankası, Garanti Bankası ATM",teknokent-is-bank-garanti-bank-atm,ATM'ler,tr,
39.887317,32.777828,Yurtlar Bölgesi İş Bankası ATM,dormitory-territory-is-bank-atm,ATM'ler,tr,
39.887402422176,32.781777621053315,Yüksel Proje Amfisi İş Bankası ATM,yuksel-proje-lecture-hall-is-bank-atm,ATM'ler,tr,
39.8925177069885,32.7878286838313,Çarşı İş Bankası ATM/Netmatik,is-bank-hsbc-bank-garanti-bank-ing-bank-finansbank-halkbankasi-atms,Netmatik,tr,
39.893796,32.784123,Kafeterya - Netmatik,cafeteria-netmatik,Netmatik,tr,
39.8946908381174,32.7845556735883,Kafeterya İş Bankası ATM/Netmatik,cafeteria-is-bank-atm,Netmatik,tr,
39.9043127005578,32.7694441079984,ODTÜ Geliştirme Vakfı Okulları İş Bankası ATM/Netmatik,metu-high-school-akbank-is-bankas-atm,Netmatik,tr,
39.891639,32.789485,PTT Yanı İşbankası ATM/Netmatik,isbank-atm-next-to-the-post-office,Netmatik,tr,
39.89900397004321,32.77525305747986,Teknokent İş Bankası ATM/Netmatik,teknokent-is-bank-garanti-bank-atm,Netmatik,tr,
39.887317,32.777828,Yurtlar Bölgesi İş Bankası ATM/Netmatik,dormitory-territory-is-bank-atm,Netmatik,tr,
39.887402422176,32.781777621053315,Yüksek Proje Amfisi İş Bankası ATM/Netmatik,yuksel-proje-lecture-hall-is-bank-atm,Netmatik,tr,
39.89171099683696,32.78951203822544,PTT,ptt,PTT,tr,
39.8918797482152,32.7865451574326,Açık Tenis Kortları,outdoor-tennis-courts,Spor Alanları,tr,
39.893587818049,32.7883129119436,Açık Tenis Kortları,outdoor-tennis-courts-2,Spor Alanları,tr,
39.891406420127076,32.78800427913666,Açık Tenis Kortları,outdoor-tennis-courts-3,Spor Alanları,tr,
39.88847582911528,32.786745071389305,Açık Yüzme Havuzu,outdoor-swimming-pool,Spor Alanları,tr,
39.888016,32.785924,Amerikan Futbol Sahası,american-soccer-field,Spor Alanları,tr,
39.887907806811974,32.78584527964995,Amerikan Futbolu Sahası,american-football-field,Spor Alanları,tr,
39.8899658362693,32.7857304811369,Baraka Spor Salonu,baraka-gymnasium,Spor Alanları,tr,https://odtu101.com/wp-content/uploads/2021/08/baraka2.png
39.8909392626788,32.7869662642479,Basketbol Sahaları,basketball-courts,Spor Alanları,tr,
39.889517191114,32.7894748449216,Basketbol Sahası,basketball-field,Spor Alanları,tr,
39.8914311155864,32.7855205535889,Futbol Stadyumu,football-stadium,Spor Alanları,tr,https://upload.wikimedia.org/wikipedia/commons/5/50/METU_Devrim_Stadium.jpg
39.889076775124,32.7858116626521,Halı Sahalar,artificial-football-fields,Spor Alanları,tr,https://odtu101.com/wp-content/uploads/2021/08/20150619_152112_HDR_0_0.jpg
39.889134399807,32.7870991229793,Kapalı Yüzme Havuzu,indoor-swimming-pool,Spor Alanları,tr,https://hm.metu.edu.tr/sites/hm.metu.edu.tr/files/styles/featured_slider/public/slider-images/hm2-slider.jpg.webp?itok=fVWCwb1g
39.891782339101205,32.78524875646326,Devrim,devrim-stadium,Spor Alanları,tr,https://upload.wikimedia.org/wikipedia/commons/5/50/METU_Devrim_Stadium.jpg
39.8886651688372,32.7859833240291,Plaj Voleybolu Sahaları,beach-volley-fields,Spor Alanları,tr,
39.8925835604593,32.7766427992901,ODTÜKENT Spor Merkezi,odtukent-sports-center,Spor Alanları,tr,https://odtu101.com/101/kampus-101/spor-alanlari-ve-olanaklari/teknokent-spor-salonu/
39.8914105360376,32.7876234054565,Spor Salonu,gymnasium,Spor Alanları,tr,https://odtu101.com/wp-content/uploads/2021/08/buyuksporsalonu1.jpg
39.892462,32.777814,Ada Lovelace,ada-lovelace,Öğrenci Topluluk ve Takımları,tr,
39.889996,32.78585,Aikido Topluluğu,aikido-society,Öğrenci Topluluk ve Takımları,tr,
39.892462,32.777814,Alan M. Turing,ada-lovelace,Öğrenci Topluluk ve Takımları,tr,
39.891166,32.783012,Alessandro Volta,alessandro-volta,Öğrenci Topluluk ve Takımları,tr,
39.894845,32.78191,Amatör Astronomi Topluluğu,amateur-astronomy-club,Öğrenci Topluluk ve Takımları,tr,
39.892886,32.7838,Amatör Fotoğrafcılık Topluluğu,amateur-photography-society,Öğrenci Topluluk ve Takımları,tr,
39.88767,32.786079,Amerikan Futbolu Takımı (Erkek),american-football-team-gentlemen,Öğrenci Topluluk ve Takımları,tr,
39.891166,32.783012,Andre M. Ampere,alessandro-volta,Öğrenci Topluluk ve Takımları,tr,
39.88888,32.780383,Ar-Ge Topluluğu,research-and-development-society,Öğrenci Topluluk ve Takımları,tr,
39.892886,32.7838,Arkeoloji Topluluğu,amateur-photography-society,Öğrenci Topluluk ve Takımları,tr,
39.894612,32.782134,Atatürkçü Düşünce Topluluğu,ataturk-s-thought-club,Öğrenci Topluluk ve Takımları,tr,
39.89133,32.787685,Atıcılık,athletics-cross-team,Öğrenci Topluluk ve Takımları,tr,
39.89133,32.787685,Atletizm (Kros) Takımı,athletics-cross-team,Öğrenci Topluluk ve Takımları,tr,
39.891741,32.779859,Avrasya Topluluğu,book-club,Öğrenci Topluluk ve Takımları,tr,
39.892314,32.783284,Avrupa Öğrencileri Forumu Topluluğu,communication-club,Öğrenci Topluluk ve Takımları,tr,
39.889996,32.78585,Badminton Takımı,aikido-society,Öğrenci Topluluk ve Takımları,tr,
39.89133,32.787685,Basketbol Takımı,athletics-cross-team,Öğrenci Topluluk ve Takımları,tr,
39.892465,32.788216,Bilardo Takımı,billiards-team,Öğrenci Topluluk ve Takımları,tr,
39.891738,32.783407,Bilgisayar Topluluğu,computer-club,Öğrenci Topluluk ve Takımları,tr,
39.892886,32.7838,Bilim Kurgu ve Fantazi Topluluğu,amateur-photography-society,Öğrenci Topluluk ve Takımları,tr,
39.891741,32.779859,Bilim ve Gelecek Topluluğu,book-club,Öğrenci Topluluk ve Takımları,tr,
39.900741,32.776272,Bilimin Çocuk Dili Topluluğu,childerns-language-of-science-society,Öğrenci Topluluk ve Takımları,tr,
39.89133,32.787685,Bisiklet Takımı,athletics-cross-team,Öğrenci Topluluk ve Takımları,tr,
39.895869,32.780107,Biyoloji ve Genetik Topluluğu,biology-and-genetics-society,Öğrenci Topluluk ve Takımları,tr,
39.892651,32.77629,Briç Topluluğu ve takımı,bridge-club-and-team,Öğrenci Topluluk ve Takımları,tr,
39.89133,32.787685,Buz Hokeyi Takımı,athletics-cross-team,Öğrenci Topluluk ve Takımları,tr,
39.892597,32.77625,Cankurtarma ve ilk yardım Topluluğu,lifesaving-and-first-aid-society,Öğrenci Topluluk ve Takımları,tr,
39.889996,32.78585,Capoeira Topluluğu,aikido-society,Öğrenci Topluluk ve Takımları,tr,
39.891741,32.779859,Caz Topluluğu,book-club,Öğrenci Topluluk ve Takımları,tr,
39.89133,32.787685,Cimnastik Takımı,athletics-cross-team,Öğrenci Topluluk ve Takımları,tr,
39.887949,32.789957,Çağdaş Dans Topluluğu,contemporary-dance-group,Öğrenci Topluluk ve Takımları,tr,
39.892886,32.7838,Çevre Topluluğu,amateur-photography-society,Öğrenci Topluluk ve Takımları,tr,
39.891741,32.779859,Çocuk Aklım Topluluğu,book-club,Öğrenci Topluluk ve Takımları,tr,
39.892886,32.7838,Dağcılık ve Kış Sporları Topluluğu ve Dağcılık Takımı,amateur-photography-society,Öğrenci Topluluk ve Takımları,tr,
39.822423,32.830382,Denizcilik ve Yelken Topluluğu,maritime-and-sailing-society,Öğrenci Topluluk ve Takımları,tr,
39.898934,32.778867,Dış Politika ve Uluslararası İlişkiler Topluluğu,business-club,Öğrenci Topluluk ve Takımları,tr,
39.822382,32.830332,Doğa Araştırmaları Topluluğu,wildlife-nature-research-society,Öğrenci Topluluk ve Takımları,tr,
39.885971,32.780436,Doğa Mühendislikleri Topluluğu,terrestrial-engineerings-society,Öğrenci Topluluk ve Takımları,tr,
39.89133,32.787685,E-spor Topluluğu,athletics-cross-team,Öğrenci Topluluk ve Takımları,tr,
39.900721,32.776257,Eğitim Topluluğu,education-club,Öğrenci Topluluk ve Takımları,tr,
39.898274,32.782241,Ekonomi Topluluğu,economics-society,Öğrenci Topluluk ve Takımları,tr,
39.895848,32.783286,Engelsiz ODTÜ Topluluğu,metu-without-barriers-student-club,Öğrenci Topluluk ve Takımları,tr,
39.89133,32.787685,Eskrim Takımı,athletics-cross-team,Öğrenci Topluluk ve Takımları,tr,
39.887975,32.790158,Eşli Danslar Topluluğu,aviation-society,Öğrenci Topluluk ve Takımları,tr,
39.89625,32.781973,Felsefe Topluluğu,human-sciences-building,Öğrenci Topluluk ve Takımları,tr,
39.894845,32.78191,Fizik Topluluğu,amateur-astronomy-club,Öğrenci Topluluk ve Takımları,tr,
39.887498,32.786151,Frizbi Takımı,frisbee-team,Öğrenci Topluluk ve Takımları,tr,
39.888,32.7858,Futbol Takımı,football-team,Öğrenci Topluluk ve Takımları,tr,
39.8926,32.7762,Futsal Takımı,futsal-team,Öğrenci Topluluk ve Takımları,tr,
39.887651,32.779086,Gastronomi Topluluğu Topluluğu,food-society,Öğrenci Topluluk ve Takımları,tr,
39.898934,32.778867,Genç Girişimciler Topluluğu,business-club,Öğrenci Topluluk ve Takımları,tr,
39.887651,32.779086,Gıda Topluluğu,food-society,Öğrenci Topluluk ve Takımları,tr,
39.887949,32.789957,Go Topluluğu,contemporary-dance-group,Öğrenci Topluluk ve Takımları,tr,
39.889996,32.78585,Güreş Takımı,aikido-society,Öğrenci Topluluk ve Takımları,tr,
39.891741,32.779859,Güzel Sanatlar Topluluğu,book-club,Öğrenci Topluluk ve Takımları,tr,
39.887975,32.790158,Havacılık Topluluğu,aviation-society,Öğrenci Topluluk ve Takımları,tr,
39.884791,32.778783,Havacılık ve Uzay Topluluğu,aerospace-students-society-mass,Öğrenci Topluluk ve Takımları,tr,
39.891741,32.779859,Hayvan Dostları Topluluğu,book-club,Öğrenci Topluluk ve Takımları,tr,
39.889996,32.78585,Hentbol Takımı,aikido-society,Öğrenci Topluluk ve Takımları,tr,
39.891457,32.782289,IEEE ODTÜ Öğrenci Topluluğu,ieee-student-society,Öğrenci Topluluk ve Takımları,tr,
39.893473,32.783326,Isaac Newton,isaac-newton,Öğrenci Topluluk ve Takımları,tr,
39.892314,32.783284,İletişim Topluluğu,communication-club,Öğrenci Topluluk ve Takımları,tr,
39.893422,32.781756,İstatistik Topluluğu,statistics-club,Öğrenci Topluluk ve Takımları,tr,
39.898934,32.778867,İşletme Topluluğu,business-club,Öğrenci Topluluk ve Takımları,tr,
39.887975,32.790158,İzcilik Topluluğu,aviation-society,Öğrenci Topluluk ve Takımları,tr,
39.891166,32.783012,James Clerk Maxwell,alessandro-volta,Öğrenci Topluluk ve Takımları,tr,
39.891741,32.779859,Japon Kültür Topluluğu,book-club,Öğrenci Topluluk ve Takımları,tr,
39.892462,32.777814,John McCarthy,ada-lovelace,Öğrenci Topluluk ve Takımları,tr,
39.89133,32.787685,Jonglörler Topluluğu,athletics-cross-team,Öğrenci Topluluk ve Takımları,tr,
39.889996,32.78585,Judo Takımı,aikido-society,Öğrenci Topluluk ve Takımları,tr,
39.889996,32.78585,Karate-Do Takımı,aikido-society,Öğrenci Topluluk ve Takımları,tr,
39.890028,32.783214,Karl von Terzaghi,karl-von-terzaghi,Öğrenci Topluluk ve Takımları,tr,
39.89133,32.787685,Karting Takımı,athletics-cross-team,Öğrenci Topluluk ve Takımları,tr,
39.89133,32.787685,Kayak Takımı,athletics-cross-team,Öğrenci Topluluk ve Takımları,tr,
39.893316,32.782429,Kimya Topluluğu,chemistry-society,Öğrenci Topluluk ve Takımları,tr,
39.891741,32.779859,Kitap Topluluğu,book-club,Öğrenci Topluluk ve Takımları,tr,
39.892886,32.7838,Klasik Gitar Topluluğu,amateur-photography-society,Öğrenci Topluluk ve Takımları,tr,
39.89171,32.780445,Klasik Türk Müziği Topluluğu,turkish-classical-music-club,Öğrenci Topluluk ve Takımları,tr,
39.889996,32.78585,Korfbol Takımı,aikido-society,Öğrenci Topluluk ve Takımları,tr,
39.887617,32.78569,Kriket Takımı (Erkek),cricket-team-gentlemen,Öğrenci Topluluk ve Takımları,tr,
39.822422,32.830381,Kürek ve Su Sporları Takımı,maritime-and-sailing-society,Öğrenci Topluluk ve Takımları,tr,
39.895676,32.78289,Lise Meitner,lise-meitner,Öğrenci Topluluk ve Takımları,tr,
39.88926,32.780799,Makine ve İnovasyon Topluluğu,machinery-and-innovation-society,Öğrenci Topluluk ve Takımları,tr,
39.886029,32.782584,Malzeme Bilimleri Topluluğu,material-sciences-club,Öğrenci Topluluk ve Takımları,tr,
39.89133,32.787685,Masa Tenisi Takımı,athletics-cross-team,Öğrenci Topluluk ve Takımları,tr,
39.895658,32.782334,Matematik Topluluğu,mathematics-society,Öğrenci Topluluk ve Takımları,tr,
39.897376,32.781894,Mimarlık Topluluğu,architecture-club,Öğrenci Topluluk ve Takımları,tr,
39.894375,32.777846,Modelleme ve Simülasyon Topluluğu,modelling-and-simulation-society,Öğrenci Topluluk ve Takımları,tr,
39.89133,32.787685,Motor Sporları ve Trafik Topluluğu,athletics-cross-team,Öğrenci Topluluk ve Takımları,tr,
39.898934,32.778867,Münazara Topluluğu,business-club,Öğrenci Topluluk ve Takımları,tr,
39.891741,32.779859,Müzik Topluluğu,book-club,Öğrenci Topluluk ve Takımları,tr,
39.887949,32.789957,Müzikal Topluluğu,contemporary-dance-group,Öğrenci Topluluk ve Takımları,tr,
39.892354,32.776274,Okçuluk Takımı,archery-team,Öğrenci Topluluk ve Takımları,tr,
39.89133,32.787685,Orienteering Takımı,athletics-cross-team,Öğrenci Topluluk ve Takımları,tr,
39.900449,32.777119,Oyun Geliştirme ve Animasyon Topluluğu,game-and-animations-technologies-society,Öğrenci Topluluk ve Takımları,tr,
39.890479,32.79364,Öğrenci Merkezi,student-center,Öğrenci Topluluk ve Takımları,tr,
39.892886,32.7838,Psikoloji Topluluğu,amateur-photography-society,Öğrenci Topluluk ve Takımları,tr,
39.888791,32.791405,Radyo Topluluğu,radio-society,Öğrenci Topluluk ve Takımları,tr,
39.88814,32.786079,Ragbi Takımı,rugby-team,Öğrenci Topluluk ve Takımları,tr,
39.893322,32.783126,Robert Boyle,robert-boyle,Öğrenci Topluluk ve Takımları,tr,
39.891494263052884, 32.78059303123221,Robot Topluluğu,robot-society,Öğrenci Topluluk ve Takımları,tr,
39.887975,32.790158,Satranç Topluluğu ve Takımı,aviation-society,Öğrenci Topluluk ve Takımları,tr,
39.889996,32.78585,Sayokan Takımı,aikido-society,Öğrenci Topluluk ve Takımları,tr,
39.889256,32.7873205,Serbest Dalış,free-diving-team,Öğrenci Topluluk ve Takımları,tr,
39.894441,32.782693,SIAM Öğrenci Topluluğu,green-campus-society,Öğrenci Topluluk ve Takımları,tr,
39.892886,32.7838,Sinema Topluluğu Topluluğu,amateur-photography-society,Öğrenci Topluluk ve Takımları,tr,
39.898274,32.782241,Siyaset Bilimi Topluluğu,economics-society,Öğrenci Topluluk ve Takımları,tr,
39.89133,32.787685,Snowboard Takımı,athletics-cross-team,Öğrenci Topluluk ve Takımları,tr,
39.891741,32.779859,Sosyal Demokrasi Topluluğu,book-club,Öğrenci Topluluk ve Takımları,tr,
39.891741,32.779859,Sosyoloji Topluluğu,book-club,Öğrenci Topluluk ve Takımları,tr,
39.892912,32.77677,Squash Takımı,squash-team,Öğrenci Topluluk ve Takımları,tr,
39.889306,32.7873555,Su Topu Takımı (Erkek),water-polo-team-gentlemen,Öğrenci Topluluk ve Takımları,tr,
39.889056,32.787325,Sualtı Hokeyi Takımı,subaqua-hockey-team-gentlemen,Öğrenci Topluluk ve Takımları,tr,
39.889086,32.787295,Sualtı Ragbisi (Erkek),underwater-rugby-club,Öğrenci Topluluk ve Takımları,tr,
39.889216,32.787265,Sualtı Sporları Topluluğu,subaqua-sports-club,Öğrenci Topluluk ve Takımları,tr,
39.889156,32.787235,Sualtı Topluluğu,subaqua-society,Öğrenci Topluluk ve Takımları,tr,
39.887959,32.782179,Sürdürülebilir Üretim Topluluğu,sustainable-production-society,Öğrenci Topluluk ve Takımları,tr,
39.889996,32.78585,Taekwon-Do Takımı,aikido-society,Öğrenci Topluluk ve Takımları,tr,
39.89625,32.781973,Tarih Topluluğu,human-sciences-building,Öğrenci Topluluk ve Takımları,tr,
39.896656,32.781333,Tasarım Topluluğu,design-society,Öğrenci Topluluk ve Takımları,tr,
39.891381,32.786778,Tenis Topluluğu ve Takımı,tennis-club-and-team,Öğrenci Topluluk ve Takımları,tr,
39.896848,32.782294,Tiyatro Topluluğu,theatre-club,Öğrenci Topluluk ve Takımları,tr,
39.898934,32.778867,Toplumsal Cinsiyet Çalışmaları Topluluğu,business-club,Öğrenci Topluluk ve Takımları,tr,
39.89133,32.787685,Triatlon,athletics-cross-team,Öğrenci Topluluk ve Takımları,tr,
39.891735,32.780642,Türk Halk Bilimi Topluluğu,turkish-folklore-club,Öğrenci Topluluk ve Takımları,tr,
39.892886,32.7838,Uluslararası Gençlik Topluluğu,amateur-photography-society,Öğrenci Topluluk ve Takımları,tr,
39.898934,32.778867,Uluslararası Ticaret ve Lojistik Topluluğu,business-club,Öğrenci Topluluk ve Takımları,tr,
39.892239,32.781811,Verimlilik Topluluğu,productivity-club,Öğrenci Topluluk ve Takımları,tr,
39.89133,32.787685,Voleybol Takımı,athletics-cross-team,Öğrenci Topluluk ve Takımları,tr,
39.891166,32.783012,Werner von Siemens,alessandro-volta,Öğrenci Topluluk ve Takımları,tr,
39.890536,32.78389,Yapı Topluluğu,construction-club,Öğrenci Topluluk ve Takımları,tr,
39.822424,32.830383,Yelken Takımı,maritime-and-sailing-society,Öğrenci Topluluk ve Takımları,tr,
39.894441,32.782693,Yeşil Kampüs Topluluğu,green-campus-society,Öğrenci Topluluk ve Takımları,tr,
39.889116,32.787205,Yüzme Takımı,swimming-team,Öğrenci Topluluk ve Takımları,tr,
39.892616487171,32.788245677948,Çarşı,shopping-center-cars,Alışveriş Mekanları,tr,https://bu1732577.wordpress.com/wp-content/uploads/2012/11/09112012349.jpg
39.892134932437,32.7879781722913,Kitaplık,bookstore,Alışveriş Mekanları,tr,
39.892192,32.788128,ODTÜDEN,odtuden,Alışveriş Mekanları,tr,https://files.catbox.moe/6ftcce.jpg
39.892145,32.787915,ODTÜDEN Junior,odtuden-junior,Alışveriş Mekanları,tr,
39.890405,32.776103,ODTÜKENT Şok Market,odtukent-sok-market,Alışveriş Mekanları,tr,
39.892254292472785,32.78869771955215,Şok Market (Çarşı Bölgesi),sok-market-cars-district,Alışveriş Mekanları,tr,
39.8904515222099,32.7882471084376,1. Yurt Kantini,1st-dormitory-canteen,Yeme-İçme Alanları,tr,
39.885403,32.777564,19. Yurt Kantini - Sebastian Cafe,19th-dormitory-canteen-sebastian-cafe,Yeme-İçme Alanları,tr,
39.8901634038468,32.7891697883388,2. Yurt Kantini,2nd-dormitory-canteen,Yeme-İçme Alanları,tr,
39.8897271080201,32.787764310815,3. Yurt Kantini,3rd-dormitory-canteen,Yeme-İçme Alanları,tr,
39.8894801468874,32.7885689735194,4. Yurt Kantini,4th-dormitory-canteen,Yeme-İçme Alanları,tr,
39.8890932393241,32.7895131110927,5. Yurt Kantini,5th-dormitory-canteen,Yeme-İçme Alanları,tr,
39.8884593647669,32.789544582356,6. Yurt Kantini,6th-dormitory-canteen,Yeme-İçme Alanları,tr,
39.8890850072245,32.7886333465358,7. Yurt Kantini,7th-dormitory-canteen,Yeme-İçme Alanları,tr,
39.8885005256304,32.7876141071101,8. Yurt Kantini,8th-dormitory-canteen,Yeme-İçme Alanları,tr,
39.8879818969445,32.7897920608302,9. Yurt Kantini,9th-dormitory-canteen,Yeme-İçme Alanları,tr,
39.89596669739777,32.782035112359154,Beşeri Bilimler Kantini,human-sciences-canteen,Yeme-İçme Alanları,tr,
39.8918674005674,32.783413052548,Bilgisayar Mühendisliği Bölümü Kantini,computer-engineering-canteen,Yeme-İçme Alanları,tr,
39.8960078537533,32.7801375388663,Biyolojik Bilimler Bölümü Kantini,biological-sciences-canteen,Yeme-İçme Alanları,tr,
39.8925341703622,32.7883536815534,Çarşı,shopping-center-cars-2,Yeme-İçme Alanları,tr,https://bu1732577.wordpress.com/wp-content/uploads/2012/11/09112012349.jpg
39.8926411821943,32.7822375297546,Çatı Cafe,cat-cafe,Yeme-İçme Alanları,tr,
39.8868046775893,32.7836644649506,Çevre Mühendisliği Kantini,environmental-engineering-canteen,Yeme-İçme Alanları,tr,
39.891803604352,32.7889514565413,Doyurucu,doyurucu,Yeme-İçme Alanları,tr,
39.888557,32.791673,EBI Konukevi Kantini - Wood Cafe,ebi-guest-house-canteen-wood-cafe,Yeme-İçme Alanları,tr,
39.90070774697984,32.77639174459182,Eğitim Fakültesi Kantini,education-canteen,Yeme-İçme Alanları,tr,
39.891752155748,32.7825608253261,Elektrik ve Elektronik Mühendisliği Kantini,electrical-engineering-canteen,Yeme-İçme Alanları,tr,
39.8924847802294,32.7818098068019,Endüstri Mühendisliği Bölümü Kantini - Esinti Cafe,industrial-engineering-canteen-esinti-cafe,Yeme-İçme Alanları,tr,
39.88648361425673,32.776992559411156,Faika Demiray Yurdu Kantini - Hocam Faika,faika-demiray-dormitory-canteen-hocam-faika,Yeme-İçme Alanları,tr,
39.8947731523361,32.7816703319331,Fizik Bölümü Kantini,physics-canteen,Yeme-İçme Alanları,tr,
39.887771974694346,32.77908396719795,Gıda Mühendisliği Kantini,food-engineering-canteen,Yeme-İçme Alanları,tr,
39.892135,32.788498,Grano Cafe,grano-cafe,Yeme-İçme Alanları,tr,https://files.catbox.moe/otr718.jpg
39.8843513862842,32.7780990600149,Havacılık ve Uzay Mühendisliği Kantini,aerospace-engineering-canteen,Yeme-İçme Alanları,tr,
39.887800787590265,32.791723251320946,Hızıroğlu Konukevi Kantini,hzroglu-dormitory-canteen,Yeme-İçme Alanları,tr,
39.89842780400649,32.782281875588524,İİBF Kantini,feas-canteen,Yeme-İçme Alanları,tr,
39.8905585372936,32.7835586070796,İnşaat Mühendisliği Bölümü Kantini,civil-engineering-canteen,Yeme-İçme Alanları,tr,
39.88732331518099,32.776756525017845,İsa Demiray Kantini,isa-demiray-dormitory-canteen,Yeme-İçme Alanları,tr,
39.8860596437063,32.7811439037214,Jeoloji Mühendisliği Kantini,geology-engineering-canteen,Yeme-İçme Alanları,tr,
39.893674249367,32.7837556600571,Kafeterya (Yemekhane),cafeteria-lower-floor-kiosk,Yeme-İçme Alanları,tr,
39.8891796763096,32.7913309335599,Kız Konukevi Kantini - Arka Bahçe,girls-guesthouse-canteen-arka-bahce,Yeme-İçme Alanları,tr,
39.8932914812742,32.7829087972532,Kimya Bölümü Kantini,chemistry-canteen,Yeme-İçme Alanları,tr,
39.8874632643351,32.7825822829982,Kimya Mühendisliği Bölümü Kantini,chemical-engineering-canteen,Yeme-İçme Alanları,tr,
39.8889450613811,32.7827110290309,Makina Mühendisliği B Blok Kantini,mechanical-engineering-b-block-canteen,Yeme-İçme Alanları,tr,
39.8955304385096,32.7823355197688,Matematik Bölümü Kantini,mathematics-canteen,Yeme-İçme Alanları,tr,
39.89225017661295,32.78347206114631,Merkez Mühendislik Kantini,engineering-sciences-canteen,Yeme-İçme Alanları,tr,
39.8858332505909,32.7823462486049,Metalurji ve Malzeme Mühendisliği Kantini,metallurgical-and-materials-engineering-canteen,Yeme-İçme Alanları,tr,
39.897053216897454,32.781284093834984,Mimarlık Fakültesi Kantini,architecture-canteen,Yeme-İçme Alanları,tr,
39.88696109251428,32.779277801491844,Petrol Mühendisliği Kantini,petroleum-engineering-canteen,Yeme-İçme Alanları,tr,
39.88479594893919,32.77685451503203,Refika Aksoy Yurdu Kantini - Adam Smith Cafe,refika-aksoy-dormitory-canteen-adam-smith-cafe,Yeme-İçme Alanları,tr,
39.8944932835892,32.7851665019989,Sosyal Bina,social-building,Yeme-İçme Alanları,tr,
39.88971887599668,32.790725469567406,Sunshine Cafe,sunshine-cafe,Yeme-İçme Alanları,tr,
39.898445,32.777089,Yeni Yemekhane (Yeni Kafeterya),library-saloon,Yeme-İçme Alanları,tr,
39.894498,32.784145,2 Aralık Anıtı,december-2nd-memorial,Yapıtlar,tr,
39.894716,32.782968,Albert Einstein,albert-einstein,Yapıtlar,tr,
39.8934,32.783337,Amedeo Avogadro,amedeo-avogadro,Yapıtlar,tr,
39.894717,32.783397,Atatürk Anıtı,ataturk-monument,Yapıtlar,tr,
39.897445,32.782645,Banyodan Sonra Ayaklarını Kurulayan Kadın,a-relief-on-the-masonry-wall,Yapıtlar,tr,
39.893414,32.784,Beton Çerçeve,precast-window-experience,Yapıtlar,tr,
39.889847,32.784171,Beton tekne,concrete-boat,Yapıtlar,tr,
39.90809,32.783902,Bilim Ağacı,tree-of-science,Yapıtlar,tr,https://adayogrenci.metu.edu.tr/sites/default/files/images/header.jpg
39.89544,32.782794,Bilim Kızı,science-girl,Yapıtlar,tr,
39.896409,32.782177,Cabir Bin Hayyan,jabir-ibn-hayyan,Yapıtlar,tr,
39.893698,32.782156,Charles Darwin,charles-darwin,Yapıtlar,tr,
39.893918,32.783079,Dimitri Mendeleev,dimitri-mendeleev,Yapıtlar,tr,
39.897445,32.782645,Duvar Rölyefi,a-relief-on-the-masonry-wall,Yapıtlar,tr,
39.893322,32.783126,Enrico Fermi,robert-boyle,Yapıtlar,tr,
39.895676,32.78289,Galileo GALILEI,lise-meitner,Yapıtlar,tr,
39.892867,32.785074,Gençlik Anıtı,youth-sculpture,Yapıtlar,tr,https://odtu101.com/wp-content/uploads/2021/08/c-heykeli-2.jpg
39.89497,32.783159,Güneş Saati,shadow-clock,Yapıtlar,tr,
39.895676,32.78289,Henri Antonie Becquerel,lise-meitner,Yapıtlar,tr,
39.893698,32.782156,Herman Walter Nernst,charles-darwin,Yapıtlar,tr,
39.888345,32.782439,Hermann von Helmholtz,hermann-von-helmholtz,Yapıtlar,tr,
39.893712,32.785099,Hezarfen Ahmet Çelebi Heykeli,hezarfen-ahmet-celebi-sculpture,Yapıtlar,tr,
39.896323,32.782348,İbn-I Sina,avicenna,Yapıtlar,tr,
39.892817,32.782934,İki Cocuklu Toprak Ana,mother-earth-with-two-children,Yapıtlar,tr,
39.890107,32.790256,İsimsiz Heykel,untitled-sculpture,Yapıtlar,tr,
39.893322,32.783126,J. Robert Oppenheimer,robert-boyle,Yapıtlar,tr,
39.8934,32.783337,John Dalton,amedeo-avogadro,Yapıtlar,tr,
39.888345,32.782439,Joseph Priestley,hermann-von-helmholtz,Yapıtlar,tr,
39.894424,32.783084,Kemal Kurdaş Anıtı,kemal-kurdas-memorial,Yapıtlar,tr,
39.893903,32.783222,Kemal Kurdaş Heykeli,kemal-kurdas-statue,Yapıtlar,tr,
39.893766,32.785918,Leonardo da Vinci,leonardo-da-vinci,Yapıtlar,tr,
39.893843,32.785754,Ludwig van Beethoven,ludwig-van-beethoven,Yapıtlar,tr,
39.893322,32.783126,Marie Curie,robert-boyle,Yapıtlar,tr,
39.897102,32.782178,Mimar Sinan,sinan-thre-architect,Yapıtlar,tr,
39.892344,32.782579,Mustafa N. Parlar Anıtı,mustafa-n-parlar-memorial,Yapıtlar,tr,
39.8934,32.783337,Niels Bohr,amedeo-avogadro,Yapıtlar,tr,
39.89270750159206,32.7866139865989,ODTÜ Zaman Kapsülü,metu-time-capsule,Yapıtlar,tr,
39.89425,32.786613,"Olmayan Özveri, Olmayacak Ödün",non-existent-devotion-unlikely-compromise,Yapıtlar,tr,
39.895676,32.78289,Otto Hahn,lise-meitner,Yapıtlar,tr,
39.894962474664,32.7842223644257,Rektörlük Önü Heykel,presidency,Yapıtlar,tr,
39.888345,32.782439,Robert Bunsen,hermann-von-helmholtz,Yapıtlar,tr,
39.894906,32.782585,Soyut Heykel,abstract-sculpture,Yapıtlar,tr,
39.895924,32.78307,Soyut Heykel-Geyik,abstract-sculpture-deer,Yapıtlar,tr,
39.900372,32.781206,Uyum,harmony,Yapıtlar,tr,
39.893698,32.782156,Wolfgang Pauli,charles-darwin,Yapıtlar,tr,
39.897318,32.782714,YOK,yok,Yapıtlar,tr,
39.908511,32.81738,10 Nisan Polis Karakolu,10-nisan-police-station,Diğer,tr,
39.8899208646206,32.7880514402731,3. Yurt Mescidi,3rd-dormitory-masjid,Diğer,tr,
39.889464336991,32.7887982743511,4. Yurt Mescidi,4th-dormitory-masjid,Diğer,tr,
39.8884775649762,32.7896225754923,6. Yurt Mescidi,6th-dormitory-masjid,Diğer,tr,
39.8890791427901,32.7889718072799,7. Yurt Mescidi,7th-dormitory-masjid,Diğer,tr,
39.895689,32.77162,EBİ,ebi,Diğer,tr,
39.8907905627649,32.782538631393,Elektrik Elektronik Mühendisliği Mescidi,electrical-and-electronics-engineering-masjid,Diğer,tr,
36.566978,34.254974,Erdemli Kampusu,erdemli-campus,Diğer,tr,
39.826076,32.832299,Eymir Gölü,lake-eymir,Diğer,tr,
39.870244,32.775624,Gölet,pond,Diğer,tr,
39.8993999216431,32.7756005834316,Gümüş Blok Mescit,gumus-blok-mescit,Diğer,tr,
39.877564,32.78787,Hayvan Besleme Noktası-1,animal-feeding-point-1,Diğer,tr,
39.87443,32.790209,Hayvan Besleme Noktası-2,animal-feeding-point-2,Diğer,tr,
39.9008944233514,32.7792838444192,Hazırlık Mescidi,pre-school-masjid,Diğer,tr,
39.8873186139897,32.777234393009,Isa Demiray Yurdu Mescidi,isa-demiray-dormitory-masjid,Diğer,tr,
39.9053862188505,32.7706623915851,İşçi Mescidi,workers-masjid,Diğer,tr,
39.8944603577792,32.7831763029099,Kemal Kemal Kurdaş Agac Dikme Alanı,kemal-kemal-kurdas-agac-dikme-alan,Diğer,tr,
35.248964,33.024097,Kuzey Kıbrıs Kampusu,northern-cyprus-campus,Diğer,tr,
39.896015,32.783404,Kütüphane Mescidi,library-masjid,Diğer,tr,
39.889668165326,32.7800562640245,Makine Mühendisliği Bölümü Mescidi,mechanical-engineering-masjid,Diğer,tr,
39.885408,32.783991,ODTÜ Cami,odtu-mosque,Diğer,tr,
39.8886174562784,32.7918033266986,ODTÜ Konukevi 2 Mescidi,odtu-guesthouse-2-masjid,Diğer,tr,
39.895866,32.793016,ODTÜ Vişnelik,odtu-visnelik,Diğer,tr,
39.8968079592582,32.7760703547561,Teknokent İkizler Binası Mescidi,teknokent-ikizler-binas-mescidi,Diğer,tr,
40.108332,29.131686,Uludağ Eğitim ve Spor Tesisi,uludag-education-and-sports-center,Diğer,tr,
39.884129,32.752937,Üniversiteler Mahallesi Muhtarlığı,universiteler-mahallesi-muhtarlg,Diğer,tr,
39.872773,32.790494,Yalıncak,yalncak,Diğer,tr,
39.89872222,32.77608333,METU App Headquarters,metu-app-headquarters,Teknokent,tr,
39.89050694322624,32.78837084337656,1. Yurt KaynakODTÜ,1st-dormitory-kaynakodtu,KaynakODTÜ,tr,
39.89050694322624,32.78837084337656,1st Dormitory KaynakODTÜ,1st-dormitory-kaynakodtu,KaynakODTU,en,
39.89026226998205,32.78929632834147,2. Yurt KaynakODTÜ,2nd-dormitory-kaynakodtu,KaynakODTÜ,tr,
39.89026226998205,32.78929632834147,2nd Dormitory KaynakODTÜ,2nd-dormitory-kaynakodtu,KaynakODTU,en,
39.889556362480754,32.78860122599765,4. Yurt KaynakODTÜ,4th-dormitory-kaynakodtu,KaynakODTÜ,tr,
39.889556362480754,32.78860122599765,4th Dormitory KaynakODTÜ,4th-dormitory-kaynakodtu,KaynakODTU,en,
39.889149018483884,32.789652090983725,5. Yurt KaynakODTÜ,5th-dormitory-kaynakodtu,KaynakODTÜ,tr,
39.889149018483884,32.789652090983725,5th Dormitory KaynakODTÜ,5th-dormitory-kaynakodtu,KaynakODTU,en,
39.888463012964136,32.78977811842869,6. Yurt KaynakODTÜ,6th-dormitory-kaynakodtu,KaynakODTÜ,tr,
39.888463012964136,32.78977811842869,6th Dormitory KaynakODTÜ,6th-dormitory-kaynakodtu,KaynakODTU,en,
39.88905395195774,32.78885597906241,7. Yurt KaynakODTÜ,7th-dormitory-kaynakodtu,KaynakODTÜ,tr,
39.88905395195774,32.78885597906241,7th Dormitory KaynakODTÜ,7th-dormitory-kaynakodtu,KaynakODTU,en,
39.88883043701759,32.78810726294291,8. Yurt KaynakODTÜ,8th-dormitory-kaynakodtu,KaynakODTÜ,tr,
39.88883043701759,32.78810726294291,8th Dormitory KaynakODTÜ,8th-dormitory-kaynakodtu,KaynakODTU,en,
39.888007725484975,32.79031727535587,9. Yurt KaynakODTÜ,9th-dormitory-kaynakodtu,KaynakODTÜ,tr,
39.888007725484975,32.79031727535587,9th Dormitory KaynakODTÜ,9th-dormitory-kaynakodtu,KaynakODTU,en,
39.88998574503351,32.78562410363209,Baraka Spor Salonu KaynakODTÜ,baraka-gymnasium-kaynakodtu,KaynakODTÜ,tr,
39.88998574503351,32.78562410363209,Baraka Gymnasium KaynakODTÜ,baraka-gymnasium-kaynakodtu,KaynakODTU,en,
39.89190855154948,32.783471759734475,Bilgisayar Mühendisliği Bölümü KaynakODTÜ,computer-engineering-kaynakodtu,KaynakODTÜ,tr,
39.89190855154948,32.783471759734475,Computer Engineering KaynakODTÜ,computer-engineering-kaynakodtu,KaynakODTU,en,
39.89145719724456,32.78753669037227,Büyük Spor Salonu KaynakODTÜ,big-sports-hall-kaynakodtu,KaynakODTÜ,tr,
39.89145719724456,32.78753669037227,Big Sports Hall KaynakODTÜ,big-sports-hall-kaynakodtu,KaynakODTU,en,
39.89056776099414,32.78253651968076,Elektrik ve Elektronik Mühendisliği Bölümü KaynakODTÜ,electrical-and-electronics-engineering-kaynakodtu,KaynakODTÜ,tr,
39.89056776099414,32.78253651968076,Electrical and Electronics Engineering KaynakODTÜ,electrical-and-electronics-engineering-kaynakodtu,KaynakODTU,en,
39.89122296873921,32.78219605117979,Elektrik ve Elektronik Mühendisliği Bölümü KaynakODTÜ,electrical-and-electronics-engineering-kaynakodtu-2,KaynakODTÜ,tr,
39.89122296873921,32.78219605117979,Electrical and Electronics Engineering KaynakODTÜ,electrical-and-electronics-engineering-kaynakodtu-2,KaynakODTU,en,
39.886465978237275,32.77728733603199,Faika Demiray KaynakODTÜ,faika-demiray-kaynakodtu,KaynakODTÜ,tr,
39.886465978237275,32.77728733603199,Faika Demiray KaynakODTÜ,faika-demiray-kaynakodtu,KaynakODTU,en,
39.8943927777043,32.782515610579814,Fizik Üçlü Amfi KaynakODTÜ,physics-triple-hall-kaynakodtu,KaynakODTÜ,tr,
39.8943927777043,32.782515610579814,Physics Triple Hall KaynakODTÜ,physics-triple-hall-kaynakodtu,KaynakODTU,en,
39.887757969197324,32.77877570550381,Gıda Mühendisliği KaynakODTÜ,food-engineering-kaynakodtu,KaynakODTÜ,tr,
39.887757969197324,32.77877570550381,Food Engineering KaynakODTÜ,food-engineering-kaynakodtu,KaynakODTU,en,
39.89039172571182,32.78365308144106,İnşaat Mühendisliği Bölümü KaynakODTÜ,civil-engineering-kaynakodtu,KaynakODTÜ,tr,
39.89039172571182,32.78365308144106,Civil Engineering KaynakODTÜ,civil-engineering-kaynakodtu,KaynakODTU,en,
39.893644702819145,32.78390935137073,Kafeterya KaynakODTÜ,cafeteria-kaynakodtu,KaynakODTÜ,tr,
39.893644702819145,32.78390935137073,Cafeteria KaynakODTÜ,cafeteria-kaynakodtu,KaynakODTU,en,
39.895734427389286,32.78319423057246,Kütüphane KaynakODTÜ,library-kaynakodtu,KaynakODTÜ,tr,
39.895734427389286,32.78319423057246,Library KaynakODTÜ,library-kaynakodtu,KaynakODTU,en,
39.88946109570448,32.78247051498676,Makina Mühendisliği A-B-C KaynakODTÜ,mechanical-engineering-a-b-c-kaynakodtu,KaynakODTÜ,tr,
39.88946109570448,32.78247051498676,Mechanical Engineering A-B-C KaynakODTÜ,mechanical-engineering-a-b-c-kaynakodtu,KaynakODTU,en,
39.88892374730043,32.780379062724857,Makina Mühendisliği D-E-F-G KaynakODTÜ,mechanical-engineering-d-e-f-g-kaynakodtu,KaynakODTÜ,tr,
39.88892374730043,32.780379062724857,Mechanical Engineering D-E-F-G KaynakODTÜ,mechanical-engineering-d-e-f-g-kaynakodtu,KaynakODTU,en,
39.88983647362859,32.7800304240417,Makina Mühendisliği D-E-F-G KaynakODTÜ,mechanical-engineering-d-e-f-g-kaynakodtu-2,KaynakODTÜ,tr,
39.88983647362859,32.7800304240417,Mechanical Engineering D-E-F-G KaynakODTÜ,mechanical-engineering-d-e-f-g-kaynakodtu-2,KaynakODTU,en,
39.89602958730915,32.78011339650966,Biyoloji KaynakODTÜ,biology-kaynakodtu,KaynakODTÜ,tr,
39.89602958730915,32.78011339650966,Biology KaynakODTÜ,biology-kaynakodtu,KaynakODTU,en,
39.89284108755553,32.77675006760909,ODTÜKENT Spor Salonu KaynakODTÜ,odtukent-sports-hall-kaynakodtu,KaynakODTÜ,tr,
39.89284108755553,32.77675006760909,ODTÜKENT Sports Hall KaynakODTÜ,odtukent-sports-hall-kaynakodtu,KaynakODTU,en,
39.88479314534693,32.777144141468338,Refika Aksoy KaynakODTÜ,refika-aksoy-kaynakodtu,KaynakODTÜ,tr,
39.88479314534693,32.777144141468338,Refika Aksoy KaynakODTÜ,refika-aksoy-kaynakodtu,KaynakODTU,en,
39.89588452261823,32.78237653817696,Matematik KaynakODTÜ,mathematics-kaynakodtu,KaynakODTÜ,tr,
39.89588452261823,32.78237653817696,Mathematics KaynakODTÜ,mathematics-kaynakodtu,KaynakODTU,en,
39.893487375949945,32.78278608538853,Kimya KaynakODTÜ,chemistry-kaynakodtu,KaynakODTÜ,tr,
39.893487375949945,32.78278608538853,Chemistry KaynakODTÜ,chemistry-kaynakodtu,KaynakODTU,en,
39.89865042746794,32.778756709510134,İşletme KaynakODTÜ,business-administration-kaynakodtu,KaynakODTÜ,tr,
39.89865042746794,32.778756709510134,Business Administration KaynakODTÜ,business-administration-kaynakodtu,KaynakODTU,en,
39.88978510053769,32.78783380614612,3. Yurt KaynakODTÜ,3rd-dormitory-kaynakodtu,KaynakODTÜ,tr,
39.88978510053769,32.78783380614612,3rd Dormitory KaynakODTÜ,3rd-dormitory-kaynakodtu,KaynakODTU,en,
39.89030070500025,32.79127087443154,12. Konukevi (Kız Konukevi) KaynakODTÜ,12th-guesthouse-girls-guesthouse-kaynakodtu,KaynakODTÜ,tr,
39.89030070500025,32.79127087443154,12th Guesthouse (Girls Guesthouse) KaynakODTÜ,12th-guesthouse-girls-guesthouse-kaynakodtu,KaynakODTU,en,
39.888548719018324,32.781814490710856,15. Konukevi (EBİ 1) KaynakODTÜ,15th-guesthouse-ebi-1-kaynakodtu,KaynakODTÜ,tr,
39.888548719018324,32.781814490710856,15th Guesthouse (EBI 1) KaynakODTÜ,15th-guesthouse-ebi-1-kaynakodtu,KaynakODTU,en,
39.888448276584505,32.78801955847204,16. Konukevi (EBİ 2) KaynakODTÜ,16th-guesthouse-ebi-2-kaynakodtu,KaynakODTÜ,tr,
39.888448276584505,32.78801955847204,16th Guesthouse (EBI 2) KaynakODTÜ,16th-guesthouse-ebi-2-kaynakodtu,KaynakODTU,en,
39.88734863146952,32.77716745285115,İsa Demiray KaynakODTÜ,isa-demiray-kaynakodtu,KaynakODTÜ,tr,
39.88734863146952,32.77716745285115,Isa Demiray KaynakODTÜ,isa-demiray-kaynakodtu,KaynakODTU,en,
39.88563183720606,32.7771541598292,19. Yurt KaynakODTÜ,19th-dormitory-kaynakodtu,KaynakODTÜ,tr,
39.88563183720606,32.7771541598292,19th Dormitory KaynakODTÜ,19th-dormitory-kaynakodtu,KaynakODTU,en,
39.889342062036377,32.77588639791298,Lisansüstü Konukevi KaynakODTÜ,graduate-guesthouse-kaynakodtu,KaynakODTÜ,tr,
39.889342062036377,32.77588639791298,Graduate Guesthouse KaynakODTÜ,graduate-guesthouse-kaynakodtu,KaynakODTU,en,
39.8916202526764,32.78716961519008,Kapalı Yüzme Havuzu KaynakODTÜ,indoor-swimming-pool-kaynakodtu,KaynakODTÜ,tr,
39.8916202526764,32.78716961519008,Indoor Swimming Pool KaynakODTÜ,indoor-swimming-pool-kaynakodtu,KaynakODTU,en,
39.88457010246215,32.7778674519724,Havacılık ve Uzay Mühendisliği KaynakODTÜ,aerospace-engineering-kaynakodtu,KaynakODTÜ,tr,
39.88457010246215,32.7778674519724,Aerospace Engineering KaynakODTÜ,aerospace-engineering-kaynakodtu,KaynakODTU,en,
39.90054970767666,32.78128745197242,Hazırlık A KaynakODTÜ,basic-english-a-kaynakodtu,KaynakODTÜ,tr,
39.90054970767666,32.78128745197242,Basic English A KaynakODTÜ,basic-english-a-kaynakodtu,KaynakODTU,en,
39.90037767121212,32.78084687098742,Hazırlık B KaynakODTÜ,basic-english-b-kaynakodtu,KaynakODTÜ,tr,
39.90037767121212,32.78084687098742,Basic English B KaynakODTÜ,basic-english-b-kaynakodtu,KaynakODTU,en,
39.89071014232054,32.79309653904747,Kariyer Planlama Merkezi KaynakODTÜ,career-planning-center-kaynakodtu,KaynakODTÜ,tr,
39.89071014232054,32.79309653904747,Career Planning Center KaynakODTÜ,career-planning-center-kaynakodtu,KaynakODTU,en,
39.89089714555431,32.78857069326093,Sağlık ve Rehberlik Merkezi KaynakODTÜ,medical-center-kaynakodtu,KaynakODTÜ,tr,
39.89089714555431,32.78857069326093,Medical Center KaynakODTU,medical-center-kaynakodtu,KaynakODTÜ,en,
